ORDERNUMBER,CITY,COUNTRY,TERRITORY
10100,Nashua,USA,NA
10100,Nashua,USA,NA
10100,Nashua,USA,NA
10100,Nashua,USA,NA
10101,Frankfurt,Germany,EMEA
10101,Frankfurt,Germany,EMEA
10101,Frankfurt,Germany,EMEA
10101,Frankfurt,Germany,EMEA
10102,NYC,USA,NA
10102,NYC,USA,NA
10103,Stavern,Norway,EMEA
10103,Stavern,Norway,EMEA
10103,Stavern,Norway,EMEA
10103,Stavern,Norway,EMEA
10103,Stavern,Norway,EMEA
10103,Stavern,Norway,EMEA
10103,Stavern,Norway,EMEA
10103,Stavern,Norway,EMEA
10103,Stavern,Norway,EMEA
10103,Stavern,Norway,EMEA
10103,Stavern,Norway,EMEA
10103,Stavern,Norway,EMEA
10103,Stavern,Norway,EMEA
10103,Stavern,Norway,EMEA
10103,Stavern,Norway,EMEA
10103,Stavern,Norway,EMEA
10104,Madrid,Spain,EMEA
10104,Madrid,Spain,EMEA
10104,Madrid,Spain,EMEA
10104,Madrid,Spain,EMEA
10104,Madrid,Spain,EMEA
10104,Madrid,Spain,EMEA
10104,Madrid,Spain,EMEA
10104,Madrid,Spain,EMEA
10104,Madrid,Spain,EMEA
10104,Madrid,Spain,EMEA
10104,Madrid,Spain,EMEA
10104,Madrid,Spain,EMEA
10104,Madrid,Spain,EMEA
10105,Kobenhavn,Denmark,EMEA
10105,Kobenhavn,Denmark,EMEA
10105,Kobenhavn,Denmark,EMEA
10105,Kobenhavn,Denmark,EMEA
10105,Kobenhavn,Denmark,EMEA
10105,Kobenhavn,Denmark,EMEA
10105,Kobenhavn,Denmark,EMEA
10105,Kobenhavn,Denmark,EMEA
10105,Kobenhavn,Denmark,EMEA
10105,Kobenhavn,Denmark,EMEA
10105,Kobenhavn,Denmark,EMEA
10105,Kobenhavn,Denmark,EMEA
10105,Kobenhavn,Denmark,EMEA
10105,Kobenhavn,Denmark,EMEA
10105,Kobenhavn,Denmark,EMEA
10106,Bergamo,Italy,EMEA
10106,Bergamo,Italy,EMEA
10106,Bergamo,Italy,EMEA
10106,Bergamo,Italy,EMEA
10106,Bergamo,Italy,EMEA
10106,Bergamo,Italy,EMEA
10106,Bergamo,Italy,EMEA
10106,Bergamo,Italy,EMEA
10106,Bergamo,Italy,EMEA
10106,Bergamo,Italy,EMEA
10106,Bergamo,Italy,EMEA
10106,Bergamo,Italy,EMEA
10106,Bergamo,Italy,EMEA
10106,Bergamo,Italy,EMEA
10106,Bergamo,Italy,EMEA
10106,Bergamo,Italy,EMEA
10106,Bergamo,Italy,EMEA
10106,Bergamo,Italy,EMEA
10107,NYC,USA,NA
10107,NYC,USA,NA
10107,NYC,USA,NA
10107,NYC,USA,NA
10107,NYC,USA,NA
10107,NYC,USA,NA
10107,NYC,USA,NA
10107,NYC,USA,NA
10108,Makati City,Philippines,Japan
10108,Makati City,Philippines,Japan
10108,Makati City,Philippines,Japan
10108,Makati City,Philippines,Japan
10108,Makati City,Philippines,Japan
10108,Makati City,Philippines,Japan
10108,Makati City,Philippines,Japan
10108,Makati City,Philippines,Japan
10108,Makati City,Philippines,Japan
10108,Makati City,Philippines,Japan
10108,Makati City,Philippines,Japan
10108,Makati City,Philippines,Japan
10108,Makati City,Philippines,Japan
10108,Makati City,Philippines,Japan
10108,Makati City,Philippines,Japan
10108,Makati City,Philippines,Japan
10109,Philadelphia,USA,NA
10109,Philadelphia,USA,NA
10109,Philadelphia,USA,NA
10109,Philadelphia,USA,NA
10109,Philadelphia,USA,NA
10109,Philadelphia,USA,NA
10110,Manchester,UK,EMEA
10110,Manchester,UK,EMEA
10110,Manchester,UK,EMEA
10110,Manchester,UK,EMEA
10110,Manchester,UK,EMEA
10110,Manchester,UK,EMEA
10110,Manchester,UK,EMEA
10110,Manchester,UK,EMEA
10110,Manchester,UK,EMEA
10110,Manchester,UK,EMEA
10110,Manchester,UK,EMEA
10110,Manchester,UK,EMEA
10110,Manchester,UK,EMEA
10110,Manchester,UK,EMEA
10110,Manchester,UK,EMEA
10110,Manchester,UK,EMEA
10111,San Francisco,USA,NA
10111,San Francisco,USA,NA
10111,San Francisco,USA,NA
10111,San Francisco,USA,NA
10111,San Francisco,USA,NA
10111,San Francisco,USA,NA
10112,Lule,Sweden,EMEA
10112,Lule,Sweden,EMEA
10113,San Rafael,USA,NA
10113,San Rafael,USA,NA
10113,San Rafael,USA,NA
10113,San Rafael,USA,NA
10114,Paris,France,EMEA
10114,Paris,France,EMEA
10114,Paris,France,EMEA
10114,Paris,France,EMEA
10114,Paris,France,EMEA
10114,Paris,France,EMEA
10114,Paris,France,EMEA
10114,Paris,France,EMEA
10114,Paris,France,EMEA
10114,Paris,France,EMEA
10115,NYC,USA,NA
10115,NYC,USA,NA
10115,NYC,USA,NA
10115,NYC,USA,NA
10115,NYC,USA,NA
10116,Charleroi,Belgium,EMEA
10117,Singapore,Singapore,Japan
10117,Singapore,Singapore,Japan
10117,Singapore,Singapore,Japan
10117,Singapore,Singapore,Japan
10117,Singapore,Singapore,Japan
10117,Singapore,Singapore,Japan
10117,Singapore,Singapore,Japan
10117,Singapore,Singapore,Japan
10117,Singapore,Singapore,Japan
10117,Singapore,Singapore,Japan
10117,Singapore,Singapore,Japan
10117,Singapore,Singapore,Japan
10118,Barcelona,Spain,EMEA
10119,Salzburg,Austria,EMEA
10119,Salzburg,Austria,EMEA
10119,Salzburg,Austria,EMEA
10119,Salzburg,Austria,EMEA
10119,Salzburg,Austria,EMEA
10119,Salzburg,Austria,EMEA
10119,Salzburg,Austria,EMEA
10119,Salzburg,Austria,EMEA
10119,Salzburg,Austria,EMEA
10119,Salzburg,Austria,EMEA
10119,Salzburg,Austria,EMEA
10119,Salzburg,Austria,EMEA
10119,Salzburg,Austria,EMEA
10119,Salzburg,Austria,EMEA
10120,Melbourne,Australia,APAC
10120,Melbourne,Australia,APAC
10120,Melbourne,Australia,APAC
10120,Melbourne,Australia,APAC
10120,Melbourne,Australia,APAC
10120,Melbourne,Australia,APAC
10120,Melbourne,Australia,APAC
10120,Melbourne,Australia,APAC
10120,Melbourne,Australia,APAC
10120,Melbourne,Australia,APAC
10120,Melbourne,Australia,APAC
10120,Melbourne,Australia,APAC
10120,Melbourne,Australia,APAC
10120,Melbourne,Australia,APAC
10120,Melbourne,Australia,APAC
10121,Reims,France,EMEA
10121,Reims,France,EMEA
10121,Reims,France,EMEA
10121,Reims,France,EMEA
10121,Reims,France,EMEA
10122,Marseille,France,EMEA
10122,Marseille,France,EMEA
10122,Marseille,France,EMEA
10122,Marseille,France,EMEA
10122,Marseille,France,EMEA
10122,Marseille,France,EMEA
10122,Marseille,France,EMEA
10122,Marseille,France,EMEA
10122,Marseille,France,EMEA
10122,Marseille,France,EMEA
10122,Marseille,France,EMEA
10122,Marseille,France,EMEA
10122,Marseille,France,EMEA
10122,Marseille,France,EMEA
10122,Marseille,France,EMEA
10122,Marseille,France,EMEA
10122,Marseille,France,EMEA
10123,Nantes,France,EMEA
10123,Nantes,France,EMEA
10123,Nantes,France,EMEA
10123,Nantes,France,EMEA
10124,Las Vegas,USA,NA
10124,Las Vegas,USA,NA
10124,Las Vegas,USA,NA
10124,Las Vegas,USA,NA
10124,Las Vegas,USA,NA
10124,Las Vegas,USA,NA
10124,Las Vegas,USA,NA
10124,Las Vegas,USA,NA
10124,Las Vegas,USA,NA
10124,Las Vegas,USA,NA
10124,Las Vegas,USA,NA
10124,Las Vegas,USA,NA
10124,Las Vegas,USA,NA
10125,Melbourne,Australia,APAC
10125,Melbourne,Australia,APAC
10126,Madrid,Spain,EMEA
10126,Madrid,Spain,EMEA
10126,Madrid,Spain,EMEA
10126,Madrid,Spain,EMEA
10126,Madrid,Spain,EMEA
10126,Madrid,Spain,EMEA
10126,Madrid,Spain,EMEA
10126,Madrid,Spain,EMEA
10126,Madrid,Spain,EMEA
10126,Madrid,Spain,EMEA
10126,Madrid,Spain,EMEA
10126,Madrid,Spain,EMEA
10126,Madrid,Spain,EMEA
10126,Madrid,Spain,EMEA
10126,Madrid,Spain,EMEA
10126,Madrid,Spain,EMEA
10126,Madrid,Spain,EMEA
10127,NYC,USA,NA
10127,NYC,USA,NA
10127,NYC,USA,NA
10127,NYC,USA,NA
10127,NYC,USA,NA
10127,NYC,USA,NA
10127,NYC,USA,NA
10127,NYC,USA,NA
10127,NYC,USA,NA
10127,NYC,USA,NA
10127,NYC,USA,NA
10127,NYC,USA,NA
10127,NYC,USA,NA
10127,NYC,USA,NA
10127,NYC,USA,NA
10128,Madrid,Spain,EMEA
10128,Madrid,Spain,EMEA
10128,Madrid,Spain,EMEA
10128,Madrid,Spain,EMEA
10129,London,UK,EMEA
10129,London,UK,EMEA
10129,London,UK,EMEA
10129,London,UK,EMEA
10129,London,UK,EMEA
10129,London,UK,EMEA
10129,London,UK,EMEA
10129,London,UK,EMEA
10129,London,UK,EMEA
10130,Brickhaven,USA,NA
10130,Brickhaven,USA,NA
10131,Glendale,USA,NA
10131,Glendale,USA,NA
10131,Glendale,USA,NA
10131,Glendale,USA,NA
10131,Glendale,USA,NA
10131,Glendale,USA,NA
10131,Glendale,USA,NA
10131,Glendale,USA,NA
10133,Madrid,Spain,EMEA
10133,Madrid,Spain,EMEA
10133,Madrid,Spain,EMEA
10133,Madrid,Spain,EMEA
10133,Madrid,Spain,EMEA
10133,Madrid,Spain,EMEA
10133,Madrid,Spain,EMEA
10133,Madrid,Spain,EMEA
10134,Paris,France,EMEA
10134,Paris,France,EMEA
10134,Paris,France,EMEA
10134,Paris,France,EMEA
10134,Paris,France,EMEA
10134,Paris,France,EMEA
10134,Paris,France,EMEA
10135,San Rafael,USA,NA
10135,San Rafael,USA,NA
10135,San Rafael,USA,NA
10135,San Rafael,USA,NA
10135,San Rafael,USA,NA
10135,San Rafael,USA,NA
10135,San Rafael,USA,NA
10135,San Rafael,USA,NA
10135,San Rafael,USA,NA
10135,San Rafael,USA,NA
10135,San Rafael,USA,NA
10135,San Rafael,USA,NA
10135,San Rafael,USA,NA
10135,San Rafael,USA,NA
10135,San Rafael,USA,NA
10135,San Rafael,USA,NA
10135,San Rafael,USA,NA
10136,Toulouse,France,EMEA
10136,Toulouse,France,EMEA
10136,Toulouse,France,EMEA
10137,Reims,France,EMEA
10137,Reims,France,EMEA
10137,Reims,France,EMEA
10137,Reims,France,EMEA
10139,Chatswood,Australia,APAC
10139,Chatswood,Australia,APAC
10139,Chatswood,Australia,APAC
10139,Chatswood,Australia,APAC
10139,Chatswood,Australia,APAC
10139,Chatswood,Australia,APAC
10139,Chatswood,Australia,APAC
10139,Chatswood,Australia,APAC
10140,Burlingame,USA,NA
10140,Burlingame,USA,NA
10140,Burlingame,USA,NA
10140,Burlingame,USA,NA
10140,Burlingame,USA,NA
10140,Burlingame,USA,NA
10140,Burlingame,USA,NA
10140,Burlingame,USA,NA
10140,Burlingame,USA,NA
10140,Burlingame,USA,NA
10140,Burlingame,USA,NA
10141,Espoo,Finland,EMEA
10141,Espoo,Finland,EMEA
10141,Espoo,Finland,EMEA
10141,Espoo,Finland,EMEA
10141,Espoo,Finland,EMEA
10141,Espoo,Finland,EMEA
10141,Espoo,Finland,EMEA
10141,Espoo,Finland,EMEA
10141,Espoo,Finland,EMEA
10142,San Rafael,USA,NA
10142,San Rafael,USA,NA
10142,San Rafael,USA,NA
10142,San Rafael,USA,NA
10142,San Rafael,USA,NA
10142,San Rafael,USA,NA
10142,San Rafael,USA,NA
10142,San Rafael,USA,NA
10142,San Rafael,USA,NA
10142,San Rafael,USA,NA
10142,San Rafael,USA,NA
10142,San Rafael,USA,NA
10142,San Rafael,USA,NA
10142,San Rafael,USA,NA
10142,San Rafael,USA,NA
10142,San Rafael,USA,NA
10143,New Bedford,USA,NA
10143,New Bedford,USA,NA
10143,New Bedford,USA,NA
10143,New Bedford,USA,NA
10143,New Bedford,USA,NA
10143,New Bedford,USA,NA
10143,New Bedford,USA,NA
10143,New Bedford,USA,NA
10143,New Bedford,USA,NA
10143,New Bedford,USA,NA
10143,New Bedford,USA,NA
10143,New Bedford,USA,NA
10143,New Bedford,USA,NA
10143,New Bedford,USA,NA
10143,New Bedford,USA,NA
10143,New Bedford,USA,NA
10144,Charleroi,Belgium,EMEA
10145,Pasadena,USA,NA
10145,Pasadena,USA,NA
10145,Pasadena,USA,NA
10145,Pasadena,USA,NA
10145,Pasadena,USA,NA
10145,Pasadena,USA,NA
10145,Pasadena,USA,NA
10145,Pasadena,USA,NA
10145,Pasadena,USA,NA
10145,Pasadena,USA,NA
10145,Pasadena,USA,NA
10145,Pasadena,USA,NA
10145,Pasadena,USA,NA
10145,Pasadena,USA,NA
10145,Pasadena,USA,NA
10145,Pasadena,USA,NA
10146,Glendale,USA,NA
10146,Glendale,USA,NA
10147,Brickhaven,USA,NA
10147,Brickhaven,USA,NA
10147,Brickhaven,USA,NA
10147,Brickhaven,USA,NA
10147,Brickhaven,USA,NA
10147,Brickhaven,USA,NA
10147,Brickhaven,USA,NA
10147,Brickhaven,USA,NA
10147,Brickhaven,USA,NA
10147,Brickhaven,USA,NA
10147,Brickhaven,USA,NA
10148,North Sydney,Australia,APAC
10148,North Sydney,Australia,APAC
10148,North Sydney,Australia,APAC
10148,North Sydney,Australia,APAC
10148,North Sydney,Australia,APAC
10148,North Sydney,Australia,APAC
10148,North Sydney,Australia,APAC
10148,North Sydney,Australia,APAC
10148,North Sydney,Australia,APAC
10148,North Sydney,Australia,APAC
10148,North Sydney,Australia,APAC
10148,North Sydney,Australia,APAC
10148,North Sydney,Australia,APAC
10148,North Sydney,Australia,APAC
10149,Brisbane,USA,NA
10149,Brisbane,USA,NA
10149,Brisbane,USA,NA
10149,Brisbane,USA,NA
10149,Brisbane,USA,NA
10149,Brisbane,USA,NA
10149,Brisbane,USA,NA
10149,Brisbane,USA,NA
10149,Brisbane,USA,NA
10149,Brisbane,USA,NA
10149,Brisbane,USA,NA
10150,Singapore,Singapore,Japan
10150,Singapore,Singapore,Japan
10150,Singapore,Singapore,Japan
10150,Singapore,Singapore,Japan
10150,Singapore,Singapore,Japan
10150,Singapore,Singapore,Japan
10150,Singapore,Singapore,Japan
10150,Singapore,Singapore,Japan
10150,Singapore,Singapore,Japan
10150,Singapore,Singapore,Japan
10150,Singapore,Singapore,Japan
10151,Oulu,Finland,EMEA
10151,Oulu,Finland,EMEA
10151,Oulu,Finland,EMEA
10151,Oulu,Finland,EMEA
10151,Oulu,Finland,EMEA
10151,Oulu,Finland,EMEA
10151,Oulu,Finland,EMEA
10151,Oulu,Finland,EMEA
10151,Oulu,Finland,EMEA
10151,Oulu,Finland,EMEA
10152,South Brisbane,Australia,APAC
10152,South Brisbane,Australia,APAC
10152,South Brisbane,Australia,APAC
10152,South Brisbane,Australia,APAC
10153,Madrid,Spain,EMEA
10153,Madrid,Spain,EMEA
10153,Madrid,Spain,EMEA
10153,Madrid,Spain,EMEA
10153,Madrid,Spain,EMEA
10153,Madrid,Spain,EMEA
10153,Madrid,Spain,EMEA
10153,Madrid,Spain,EMEA
10153,Madrid,Spain,EMEA
10153,Madrid,Spain,EMEA
10153,Madrid,Spain,EMEA
10153,Madrid,Spain,EMEA
10153,Madrid,Spain,EMEA
10154,Glendale,USA,NA
10154,Glendale,USA,NA
10155,Helsinki,Finland,EMEA
10155,Helsinki,Finland,EMEA
10155,Helsinki,Finland,EMEA
10155,Helsinki,Finland,EMEA
10155,Helsinki,Finland,EMEA
10155,Helsinki,Finland,EMEA
10155,Helsinki,Finland,EMEA
10155,Helsinki,Finland,EMEA
10155,Helsinki,Finland,EMEA
10155,Helsinki,Finland,EMEA
10155,Helsinki,Finland,EMEA
10155,Helsinki,Finland,EMEA
10155,Helsinki,Finland,EMEA
10156,Madrid,Spain,EMEA
10156,Madrid,Spain,EMEA
10158,Stavern,Norway,EMEA
10159,San Francisco,USA,NA
10159,San Francisco,USA,NA
10159,San Francisco,USA,NA
10159,San Francisco,USA,NA
10159,San Francisco,USA,NA
10159,San Francisco,USA,NA
10159,San Francisco,USA,NA
10159,San Francisco,USA,NA
10159,San Francisco,USA,NA
10159,San Francisco,USA,NA
10159,San Francisco,USA,NA
10159,San Francisco,USA,NA
10159,San Francisco,USA,NA
10159,San Francisco,USA,NA
10159,San Francisco,USA,NA
10159,San Francisco,USA,NA
10159,San Francisco,USA,NA
10159,San Francisco,USA,NA
10160,Los Angeles,USA,NA
10160,Los Angeles,USA,NA
10160,Los Angeles,USA,NA
10160,Los Angeles,USA,NA
10160,Los Angeles,USA,NA
10160,Los Angeles,USA,NA
10161,Aaarhus,Denmark,EMEA
10161,Aaarhus,Denmark,EMEA
10161,Aaarhus,Denmark,EMEA
10161,Aaarhus,Denmark,EMEA
10161,Aaarhus,Denmark,EMEA
10161,Aaarhus,Denmark,EMEA
10161,Aaarhus,Denmark,EMEA
10161,Aaarhus,Denmark,EMEA
10161,Aaarhus,Denmark,EMEA
10161,Aaarhus,Denmark,EMEA
10161,Aaarhus,Denmark,EMEA
10161,Aaarhus,Denmark,EMEA
10162,San Francisco,USA,NA
10162,San Francisco,USA,NA
10162,San Francisco,USA,NA
10162,San Francisco,USA,NA
10162,San Francisco,USA,NA
10162,San Francisco,USA,NA
10162,San Francisco,USA,NA
10162,San Francisco,USA,NA
10162,San Francisco,USA,NA
10162,San Francisco,USA,NA
10163,NYC,USA,NA
10163,NYC,USA,NA
10163,NYC,USA,NA
10163,NYC,USA,NA
10163,NYC,USA,NA
10163,NYC,USA,NA
10164,Graz,Austria,EMEA
10164,Graz,Austria,EMEA
10164,Graz,Austria,EMEA
10164,Graz,Austria,EMEA
10164,Graz,Austria,EMEA
10164,Graz,Austria,EMEA
10164,Graz,Austria,EMEA
10164,Graz,Austria,EMEA
10165,Singapore,Singapore,Japan
10165,Singapore,Singapore,Japan
10165,Singapore,Singapore,Japan
10165,Singapore,Singapore,Japan
10165,Singapore,Singapore,Japan
10165,Singapore,Singapore,Japan
10165,Singapore,Singapore,Japan
10165,Singapore,Singapore,Japan
10165,Singapore,Singapore,Japan
10165,Singapore,Singapore,Japan
10165,Singapore,Singapore,Japan
10165,Singapore,Singapore,Japan
10165,Singapore,Singapore,Japan
10165,Singapore,Singapore,Japan
10165,Singapore,Singapore,Japan
10165,Singapore,Singapore,Japan
10165,Singapore,Singapore,Japan
10165,Singapore,Singapore,Japan
10166,New Bedford,USA,NA
10166,New Bedford,USA,NA
10166,New Bedford,USA,NA
10167,Boras,Sweden,EMEA
10167,Boras,Sweden,EMEA
10167,Boras,Sweden,EMEA
10167,Boras,Sweden,EMEA
10167,Boras,Sweden,EMEA
10167,Boras,Sweden,EMEA
10167,Boras,Sweden,EMEA
10167,Boras,Sweden,EMEA
10167,Boras,Sweden,EMEA
10167,Boras,Sweden,EMEA
10167,Boras,Sweden,EMEA
10167,Boras,Sweden,EMEA
10167,Boras,Sweden,EMEA
10167,Boras,Sweden,EMEA
10167,Boras,Sweden,EMEA
10167,Boras,Sweden,EMEA
10168,Burlingame,USA,NA
10168,Burlingame,USA,NA
10168,Burlingame,USA,NA
10168,Burlingame,USA,NA
10168,Burlingame,USA,NA
10168,Burlingame,USA,NA
10168,Burlingame,USA,NA
10168,Burlingame,USA,NA
10168,Burlingame,USA,NA
10168,Burlingame,USA,NA
10168,Burlingame,USA,NA
10168,Burlingame,USA,NA
10168,Burlingame,USA,NA
10168,Burlingame,USA,NA
10168,Burlingame,USA,NA
10168,Burlingame,USA,NA
10168,Burlingame,USA,NA
10168,Burlingame,USA,NA
10169,North Sydney,Australia,APAC
10169,North Sydney,Australia,APAC
10169,North Sydney,Australia,APAC
10169,North Sydney,Australia,APAC
10169,North Sydney,Australia,APAC
10169,North Sydney,Australia,APAC
10169,North Sydney,Australia,APAC
10169,North Sydney,Australia,APAC
10169,North Sydney,Australia,APAC
10169,North Sydney,Australia,APAC
10169,North Sydney,Australia,APAC
10169,North Sydney,Australia,APAC
10169,North Sydney,Australia,APAC
10170,Graz,Austria,EMEA
10170,Graz,Austria,EMEA
10170,Graz,Austria,EMEA
10170,Graz,Austria,EMEA
10171,Montreal,Canada,NA
10171,Montreal,Canada,NA
10171,Montreal,Canada,NA
10171,Montreal,Canada,NA
10172,Bridgewater,USA,NA
10172,Bridgewater,USA,NA
10172,Bridgewater,USA,NA
10172,Bridgewater,USA,NA
10172,Bridgewater,USA,NA
10172,Bridgewater,USA,NA
10172,Bridgewater,USA,NA
10172,Bridgewater,USA,NA
10173,Bergamo,Italy,EMEA
10173,Bergamo,Italy,EMEA
10173,Bergamo,Italy,EMEA
10173,Bergamo,Italy,EMEA
10173,Bergamo,Italy,EMEA
10173,Bergamo,Italy,EMEA
10173,Bergamo,Italy,EMEA
10173,Bergamo,Italy,EMEA
10173,Bergamo,Italy,EMEA
10173,Bergamo,Italy,EMEA
10173,Bergamo,Italy,EMEA
10173,Bergamo,Italy,EMEA
10173,Bergamo,Italy,EMEA
10173,Bergamo,Italy,EMEA
10173,Bergamo,Italy,EMEA
10173,Bergamo,Italy,EMEA
10174,South Brisbane,Australia,APAC
10174,South Brisbane,Australia,APAC
10174,South Brisbane,Australia,APAC
10174,South Brisbane,Australia,APAC
10174,South Brisbane,Australia,APAC
10175,London,UK,EMEA
10175,London,UK,EMEA
10175,London,UK,EMEA
10175,London,UK,EMEA
10175,London,UK,EMEA
10175,London,UK,EMEA
10175,London,UK,EMEA
10175,London,UK,EMEA
10175,London,UK,EMEA
10175,London,UK,EMEA
10175,London,UK,EMEA
10175,London,UK,EMEA
10176,Reggio Emilia,Italy,EMEA
10176,Reggio Emilia,Italy,EMEA
10176,Reggio Emilia,Italy,EMEA
10176,Reggio Emilia,Italy,EMEA
10176,Reggio Emilia,Italy,EMEA
10176,Reggio Emilia,Italy,EMEA
10176,Reggio Emilia,Italy,EMEA
10176,Reggio Emilia,Italy,EMEA
10176,Reggio Emilia,Italy,EMEA
10176,Reggio Emilia,Italy,EMEA
10177,Madrid,Spain,EMEA
10177,Madrid,Spain,EMEA
10177,Madrid,Spain,EMEA
10177,Madrid,Spain,EMEA
10177,Madrid,Spain,EMEA
10177,Madrid,Spain,EMEA
10177,Madrid,Spain,EMEA
10177,Madrid,Spain,EMEA
10177,Madrid,Spain,EMEA
10177,Madrid,Spain,EMEA
10177,Madrid,Spain,EMEA
10178,Toulouse,France,EMEA
10178,Toulouse,France,EMEA
10178,Toulouse,France,EMEA
10178,Toulouse,France,EMEA
10178,Toulouse,France,EMEA
10178,Toulouse,France,EMEA
10178,Toulouse,France,EMEA
10178,Toulouse,France,EMEA
10178,Toulouse,France,EMEA
10178,Toulouse,France,EMEA
10178,Toulouse,France,EMEA
10178,Toulouse,France,EMEA
10180,Lille,France,EMEA
10180,Lille,France,EMEA
10180,Lille,France,EMEA
10180,Lille,France,EMEA
10180,Lille,France,EMEA
10180,Lille,France,EMEA
10180,Lille,France,EMEA
10180,Lille,France,EMEA
10180,Lille,France,EMEA
10180,Lille,France,EMEA
10180,Lille,France,EMEA
10180,Lille,France,EMEA
10180,Lille,France,EMEA
10180,Lille,France,EMEA
10181,Bergen,Norway,EMEA
10181,Bergen,Norway,EMEA
10181,Bergen,Norway,EMEA
10181,Bergen,Norway,EMEA
10181,Bergen,Norway,EMEA
10181,Bergen,Norway,EMEA
10181,Bergen,Norway,EMEA
10181,Bergen,Norway,EMEA
10181,Bergen,Norway,EMEA
10181,Bergen,Norway,EMEA
10181,Bergen,Norway,EMEA
10181,Bergen,Norway,EMEA
10181,Bergen,Norway,EMEA
10181,Bergen,Norway,EMEA
10181,Bergen,Norway,EMEA
10181,Bergen,Norway,EMEA
10181,Bergen,Norway,EMEA
10182,San Rafael,USA,NA
10182,San Rafael,USA,NA
10182,San Rafael,USA,NA
10182,San Rafael,USA,NA
10182,San Rafael,USA,NA
10182,San Rafael,USA,NA
10182,San Rafael,USA,NA
10182,San Rafael,USA,NA
10182,San Rafael,USA,NA
10182,San Rafael,USA,NA
10182,San Rafael,USA,NA
10182,San Rafael,USA,NA
10182,San Rafael,USA,NA
10182,San Rafael,USA,NA
10182,San Rafael,USA,NA
10182,San Rafael,USA,NA
10182,San Rafael,USA,NA
10183,Philadelphia,USA,NA
10183,Philadelphia,USA,NA
10183,Philadelphia,USA,NA
10183,Philadelphia,USA,NA
10183,Philadelphia,USA,NA
10183,Philadelphia,USA,NA
10183,Philadelphia,USA,NA
10183,Philadelphia,USA,NA
10183,Philadelphia,USA,NA
10183,Philadelphia,USA,NA
10183,Philadelphia,USA,NA
10183,Philadelphia,USA,NA
10184,Sevilla,Spain,EMEA
10184,Sevilla,Spain,EMEA
10184,Sevilla,Spain,EMEA
10184,Sevilla,Spain,EMEA
10184,Sevilla,Spain,EMEA
10184,Sevilla,Spain,EMEA
10184,Sevilla,Spain,EMEA
10184,Sevilla,Spain,EMEA
10184,Sevilla,Spain,EMEA
10184,Sevilla,Spain,EMEA
10184,Sevilla,Spain,EMEA
10184,Sevilla,Spain,EMEA
10184,Sevilla,Spain,EMEA
10185,New Bedford,USA,NA
10185,New Bedford,USA,NA
10185,New Bedford,USA,NA
10185,New Bedford,USA,NA
10185,New Bedford,USA,NA
10185,New Bedford,USA,NA
10185,New Bedford,USA,NA
10185,New Bedford,USA,NA
10185,New Bedford,USA,NA
10185,New Bedford,USA,NA
10185,New Bedford,USA,NA
10185,New Bedford,USA,NA
10185,New Bedford,USA,NA
10185,New Bedford,USA,NA
10185,New Bedford,USA,NA
10185,New Bedford,USA,NA
10186,London,UK,EMEA
10186,London,UK,EMEA
10186,London,UK,EMEA
10186,London,UK,EMEA
10186,London,UK,EMEA
10186,London,UK,EMEA
10186,London,UK,EMEA
10186,London,UK,EMEA
10186,London,UK,EMEA
10188,Bergen,Norway,EMEA
10188,Bergen,Norway,EMEA
10188,Bergen,Norway,EMEA
10188,Bergen,Norway,EMEA
10188,Bergen,Norway,EMEA
10188,Bergen,Norway,EMEA
10188,Bergen,Norway,EMEA
10188,Bergen,Norway,EMEA
10189,Pasadena,USA,NA
10190,Madrid,Spain,EMEA
10190,Madrid,Spain,EMEA
10190,Madrid,Spain,EMEA
10190,Madrid,Spain,EMEA
10191,Koln,Germany,EMEA
10191,Koln,Germany,EMEA
10191,Koln,Germany,EMEA
10191,Koln,Germany,EMEA
10191,Koln,Germany,EMEA
10191,Koln,Germany,EMEA
10191,Koln,Germany,EMEA
10191,Koln,Germany,EMEA
10191,Koln,Germany,EMEA
10192,Nashua,USA,NA
10192,Nashua,USA,NA
10192,Nashua,USA,NA
10192,Nashua,USA,NA
10192,Nashua,USA,NA
10192,Nashua,USA,NA
10192,Nashua,USA,NA
10192,Nashua,USA,NA
10192,Nashua,USA,NA
10192,Nashua,USA,NA
10192,Nashua,USA,NA
10192,Nashua,USA,NA
10192,Nashua,USA,NA
10192,Nashua,USA,NA
10192,Nashua,USA,NA
10192,Nashua,USA,NA
10193,Glen Waverly,Australia,APAC
10193,Glen Waverly,Australia,APAC
10193,Glen Waverly,Australia,APAC
10193,Glen Waverly,Australia,APAC
10193,Glen Waverly,Australia,APAC
10193,Glen Waverly,Australia,APAC
10193,Glen Waverly,Australia,APAC
10193,Glen Waverly,Australia,APAC
10193,Glen Waverly,Australia,APAC
10193,Glen Waverly,Australia,APAC
10193,Glen Waverly,Australia,APAC
10193,Glen Waverly,Australia,APAC
10193,Glen Waverly,Australia,APAC
10193,Glen Waverly,Australia,APAC
10193,Glen Waverly,Australia,APAC
10193,Glen Waverly,Australia,APAC
10194,Lyon,France,EMEA
10194,Lyon,France,EMEA
10194,Lyon,France,EMEA
10194,Lyon,France,EMEA
10194,Lyon,France,EMEA
10194,Lyon,France,EMEA
10194,Lyon,France,EMEA
10194,Lyon,France,EMEA
10194,Lyon,France,EMEA
10194,Lyon,France,EMEA
10194,Lyon,France,EMEA
10195,White Plains,USA,NA
10195,White Plains,USA,NA
10195,White Plains,USA,NA
10195,White Plains,USA,NA
10195,White Plains,USA,NA
10195,White Plains,USA,NA
10195,White Plains,USA,NA
10195,White Plains,USA,NA
10195,White Plains,USA,NA
10195,White Plains,USA,NA
10196,New Haven,USA,NA
10196,New Haven,USA,NA
10196,New Haven,USA,NA
10196,New Haven,USA,NA
10196,New Haven,USA,NA
10196,New Haven,USA,NA
10196,New Haven,USA,NA
10196,New Haven,USA,NA
10197,Barcelona,Spain,EMEA
10197,Barcelona,Spain,EMEA
10197,Barcelona,Spain,EMEA
10197,Barcelona,Spain,EMEA
10197,Barcelona,Spain,EMEA
10197,Barcelona,Spain,EMEA
10197,Barcelona,Spain,EMEA
10197,Barcelona,Spain,EMEA
10197,Barcelona,Spain,EMEA
10197,Barcelona,Spain,EMEA
10197,Barcelona,Spain,EMEA
10197,Barcelona,Spain,EMEA
10197,Barcelona,Spain,EMEA
10197,Barcelona,Spain,EMEA
10198,Makati City,Philippines,Japan
10198,Makati City,Philippines,Japan
10198,Makati City,Philippines,Japan
10198,Makati City,Philippines,Japan
10198,Makati City,Philippines,Japan
10198,Makati City,Philippines,Japan
10199,Burbank,USA,NA
10199,Burbank,USA,NA
10199,Burbank,USA,NA
10201,San Francisco,USA,NA
10201,San Francisco,USA,NA
10201,San Francisco,USA,NA
10201,San Francisco,USA,NA
10201,San Francisco,USA,NA
10201,San Francisco,USA,NA
10201,San Francisco,USA,NA
10203,Madrid,Spain,EMEA
10203,Madrid,Spain,EMEA
10203,Madrid,Spain,EMEA
10203,Madrid,Spain,EMEA
10203,Madrid,Spain,EMEA
10203,Madrid,Spain,EMEA
10203,Madrid,Spain,EMEA
10203,Madrid,Spain,EMEA
10203,Madrid,Spain,EMEA
10203,Madrid,Spain,EMEA
10203,Madrid,Spain,EMEA
10204,NYC,USA,NA
10204,NYC,USA,NA
10204,NYC,USA,NA
10204,NYC,USA,NA
10204,NYC,USA,NA
10204,NYC,USA,NA
10204,NYC,USA,NA
10204,NYC,USA,NA
10204,NYC,USA,NA
10204,NYC,USA,NA
10204,NYC,USA,NA
10204,NYC,USA,NA
10204,NYC,USA,NA
10204,NYC,USA,NA
10204,NYC,USA,NA
10204,NYC,USA,NA
10204,NYC,USA,NA
10205,Madrid,Spain,EMEA
10205,Madrid,Spain,EMEA
10205,Madrid,Spain,EMEA
10205,Madrid,Spain,EMEA
10205,Madrid,Spain,EMEA
10206,Vancouver,Canada,NA
10206,Vancouver,Canada,NA
10206,Vancouver,Canada,NA
10206,Vancouver,Canada,NA
10206,Vancouver,Canada,NA
10206,Vancouver,Canada,NA
10206,Vancouver,Canada,NA
10206,Vancouver,Canada,NA
10206,Vancouver,Canada,NA
10206,Vancouver,Canada,NA
10206,Vancouver,Canada,NA
10207,Boston,USA,NA
10207,Boston,USA,NA
10207,Boston,USA,NA
10207,Boston,USA,NA
10207,Boston,USA,NA
10207,Boston,USA,NA
10207,Boston,USA,NA
10207,Boston,USA,NA
10207,Boston,USA,NA
10207,Boston,USA,NA
10207,Boston,USA,NA
10207,Boston,USA,NA
10207,Boston,USA,NA
10207,Boston,USA,NA
10207,Boston,USA,NA
10207,Boston,USA,NA
10208,Lyon,France,EMEA
10208,Lyon,France,EMEA
10208,Lyon,France,EMEA
10208,Lyon,France,EMEA
10208,Lyon,France,EMEA
10208,Lyon,France,EMEA
10208,Lyon,France,EMEA
10208,Lyon,France,EMEA
10208,Lyon,France,EMEA
10208,Lyon,France,EMEA
10208,Lyon,France,EMEA
10208,Lyon,France,EMEA
10208,Lyon,France,EMEA
10208,Lyon,France,EMEA
10208,Lyon,France,EMEA
10209,Los Angeles,USA,NA
10209,Los Angeles,USA,NA
10209,Los Angeles,USA,NA
10209,Los Angeles,USA,NA
10209,Los Angeles,USA,NA
10209,Los Angeles,USA,NA
10209,Los Angeles,USA,NA
10209,Los Angeles,USA,NA
10210,Osaka,Japan,Japan
10210,Osaka,Japan,Japan
10210,Osaka,Japan,Japan
10210,Osaka,Japan,Japan
10210,Osaka,Japan,Japan
10210,Osaka,Japan,Japan
10210,Osaka,Japan,Japan
10210,Osaka,Japan,Japan
10210,Osaka,Japan,Japan
10210,Osaka,Japan,Japan
10210,Osaka,Japan,Japan
10210,Osaka,Japan,Japan
10210,Osaka,Japan,Japan
10210,Osaka,Japan,Japan
10210,Osaka,Japan,Japan
10210,Osaka,Japan,Japan
10210,Osaka,Japan,Japan
10211,Paris,France,EMEA
10211,Paris,France,EMEA
10211,Paris,France,EMEA
10211,Paris,France,EMEA
10211,Paris,France,EMEA
10211,Paris,France,EMEA
10211,Paris,France,EMEA
10211,Paris,France,EMEA
10211,Paris,France,EMEA
10211,Paris,France,EMEA
10211,Paris,France,EMEA
10211,Paris,France,EMEA
10211,Paris,France,EMEA
10211,Paris,France,EMEA
10211,Paris,France,EMEA
10212,Madrid,Spain,EMEA
10212,Madrid,Spain,EMEA
10212,Madrid,Spain,EMEA
10212,Madrid,Spain,EMEA
10212,Madrid,Spain,EMEA
10212,Madrid,Spain,EMEA
10212,Madrid,Spain,EMEA
10212,Madrid,Spain,EMEA
10212,Madrid,Spain,EMEA
10212,Madrid,Spain,EMEA
10212,Madrid,Spain,EMEA
10212,Madrid,Spain,EMEA
10212,Madrid,Spain,EMEA
10212,Madrid,Spain,EMEA
10212,Madrid,Spain,EMEA
10212,Madrid,Spain,EMEA
10213,London,UK,EMEA
10213,London,UK,EMEA
10213,London,UK,EMEA
10214,Madrid,Spain,EMEA
10214,Madrid,Spain,EMEA
10214,Madrid,Spain,EMEA
10214,Madrid,Spain,EMEA
10214,Madrid,Spain,EMEA
10214,Madrid,Spain,EMEA
10214,Madrid,Spain,EMEA
10215,Burbank,USA,NA
10215,Burbank,USA,NA
10215,Burbank,USA,NA
10215,Burbank,USA,NA
10215,Burbank,USA,NA
10215,Burbank,USA,NA
10215,Burbank,USA,NA
10215,Burbank,USA,NA
10215,Burbank,USA,NA
10215,Burbank,USA,NA
10216,Versailles,France,EMEA
10217,Singapore,Singapore,APAC
10217,Singapore,Singapore,APAC
10217,Singapore,Singapore,APAC
10217,Singapore,Singapore,APAC
10217,Singapore,Singapore,APAC
10217,Singapore,Singapore,APAC
10217,Singapore,Singapore,APAC
10219,Brisbane,USA,NA
10219,Brisbane,USA,NA
10219,Brisbane,USA,NA
10219,Brisbane,USA,NA
10220,Dublin,Ireland,EMEA
10220,Dublin,Ireland,EMEA
10220,Dublin,Ireland,EMEA
10220,Dublin,Ireland,EMEA
10220,Dublin,Ireland,EMEA
10220,Dublin,Ireland,EMEA
10220,Dublin,Ireland,EMEA
10220,Dublin,Ireland,EMEA
10220,Dublin,Ireland,EMEA
10221,Bruxelles,Belgium,EMEA
10221,Bruxelles,Belgium,EMEA
10221,Bruxelles,Belgium,EMEA
10221,Bruxelles,Belgium,EMEA
10221,Bruxelles,Belgium,EMEA
10222,San Diego,USA,NA
10222,San Diego,USA,NA
10222,San Diego,USA,NA
10222,San Diego,USA,NA
10222,San Diego,USA,NA
10222,San Diego,USA,NA
10222,San Diego,USA,NA
10222,San Diego,USA,NA
10222,San Diego,USA,NA
10222,San Diego,USA,NA
10222,San Diego,USA,NA
10222,San Diego,USA,NA
10222,San Diego,USA,NA
10222,San Diego,USA,NA
10222,San Diego,USA,NA
10222,San Diego,USA,NA
10222,San Diego,USA,NA
10222,San Diego,USA,NA
10223,Melbourne,Australia,APAC
10223,Melbourne,Australia,APAC
10223,Melbourne,Australia,APAC
10223,Melbourne,Australia,APAC
10223,Melbourne,Australia,APAC
10223,Melbourne,Australia,APAC
10223,Melbourne,Australia,APAC
10223,Melbourne,Australia,APAC
10223,Melbourne,Australia,APAC
10223,Melbourne,Australia,APAC
10223,Melbourne,Australia,APAC
10223,Melbourne,Australia,APAC
10223,Melbourne,Australia,APAC
10223,Melbourne,Australia,APAC
10223,Melbourne,Australia,APAC
10224,Lille,France,EMEA
10224,Lille,France,EMEA
10224,Lille,France,EMEA
10224,Lille,France,EMEA
10224,Lille,France,EMEA
10224,Lille,France,EMEA
10225,Gensve,Switzerland,EMEA
10225,Gensve,Switzerland,EMEA
10225,Gensve,Switzerland,EMEA
10225,Gensve,Switzerland,EMEA
10225,Gensve,Switzerland,EMEA
10225,Gensve,Switzerland,EMEA
10225,Gensve,Switzerland,EMEA
10225,Gensve,Switzerland,EMEA
10225,Gensve,Switzerland,EMEA
10225,Gensve,Switzerland,EMEA
10225,Gensve,Switzerland,EMEA
10225,Gensve,Switzerland,EMEA
10225,Gensve,Switzerland,EMEA
10225,Gensve,Switzerland,EMEA
10226,San Diego,USA,NA
10226,San Diego,USA,NA
10226,San Diego,USA,NA
10226,San Diego,USA,NA
10226,San Diego,USA,NA
10226,San Diego,USA,NA
10226,San Diego,USA,NA
10227,Lyon,France,EMEA
10227,Lyon,France,EMEA
10227,Lyon,France,EMEA
10227,Lyon,France,EMEA
10227,Lyon,France,EMEA
10227,Lyon,France,EMEA
10227,Lyon,France,EMEA
10227,Lyon,France,EMEA
10227,Lyon,France,EMEA
10227,Lyon,France,EMEA
10227,Lyon,France,EMEA
10227,Lyon,France,EMEA
10227,Lyon,France,EMEA
10227,Lyon,France,EMEA
10227,Lyon,France,EMEA
10228,Cambridge,USA,NA
10228,Cambridge,USA,NA
10228,Cambridge,USA,NA
10228,Cambridge,USA,NA
10228,Cambridge,USA,NA
10228,Cambridge,USA,NA
10229,San Rafael,USA,NA
10229,San Rafael,USA,NA
10229,San Rafael,USA,NA
10229,San Rafael,USA,NA
10229,San Rafael,USA,NA
10229,San Rafael,USA,NA
10229,San Rafael,USA,NA
10229,San Rafael,USA,NA
10229,San Rafael,USA,NA
10229,San Rafael,USA,NA
10229,San Rafael,USA,NA
10229,San Rafael,USA,NA
10229,San Rafael,USA,NA
10229,San Rafael,USA,NA
10230,Frankfurt,Germany,EMEA
10230,Frankfurt,Germany,EMEA
10230,Frankfurt,Germany,EMEA
10230,Frankfurt,Germany,EMEA
10230,Frankfurt,Germany,EMEA
10230,Frankfurt,Germany,EMEA
10230,Frankfurt,Germany,EMEA
10230,Frankfurt,Germany,EMEA
10231,Madrid,Spain,EMEA
10231,Madrid,Spain,EMEA
10232,Cowes,UK,EMEA
10232,Cowes,UK,EMEA
10232,Cowes,UK,EMEA
10232,Cowes,UK,EMEA
10232,Cowes,UK,EMEA
10232,Cowes,UK,EMEA
10232,Cowes,UK,EMEA
10232,Cowes,UK,EMEA
10233,Newark,USA,NA
10233,Newark,USA,NA
10233,Newark,USA,NA
10235,Tsawassen,Canada,NA
10235,Tsawassen,Canada,NA
10235,Tsawassen,Canada,NA
10235,Tsawassen,Canada,NA
10235,Tsawassen,Canada,NA
10235,Tsawassen,Canada,NA
10235,Tsawassen,Canada,NA
10235,Tsawassen,Canada,NA
10235,Tsawassen,Canada,NA
10235,Tsawassen,Canada,NA
10235,Tsawassen,Canada,NA
10235,Tsawassen,Canada,NA
10236,Philadelphia,USA,NA
10236,Philadelphia,USA,NA
10236,Philadelphia,USA,NA
10237,NYC,USA,NA
10237,NYC,USA,NA
10237,NYC,USA,NA
10237,NYC,USA,NA
10237,NYC,USA,NA
10237,NYC,USA,NA
10237,NYC,USA,NA
10237,NYC,USA,NA
10237,NYC,USA,NA
10238,Kobenhavn,Denmark,EMEA
10238,Kobenhavn,Denmark,EMEA
10238,Kobenhavn,Denmark,EMEA
10238,Kobenhavn,Denmark,EMEA
10238,Kobenhavn,Denmark,EMEA
10238,Kobenhavn,Denmark,EMEA
10238,Kobenhavn,Denmark,EMEA
10238,Kobenhavn,Denmark,EMEA
10239,Oulu,Finland,EMEA
10239,Oulu,Finland,EMEA
10239,Oulu,Finland,EMEA
10239,Oulu,Finland,EMEA
10239,Oulu,Finland,EMEA
10240,Osaka,Japan,Japan
10240,Osaka,Japan,Japan
10240,Osaka,Japan,Japan
10241,Strasbourg,France,EMEA
10241,Strasbourg,France,EMEA
10241,Strasbourg,France,EMEA
10241,Strasbourg,France,EMEA
10241,Strasbourg,France,EMEA
10241,Strasbourg,France,EMEA
10241,Strasbourg,France,EMEA
10241,Strasbourg,France,EMEA
10241,Strasbourg,France,EMEA
10241,Strasbourg,France,EMEA
10241,Strasbourg,France,EMEA
10241,Strasbourg,France,EMEA
10242,NYC,USA,NA
10243,Boston,USA,NA
10243,Boston,USA,NA
10244,Madrid,Spain,EMEA
10244,Madrid,Spain,EMEA
10244,Madrid,Spain,EMEA
10244,Madrid,Spain,EMEA
10244,Madrid,Spain,EMEA
10244,Madrid,Spain,EMEA
10244,Madrid,Spain,EMEA
10244,Madrid,Spain,EMEA
10244,Madrid,Spain,EMEA
10245,New Haven,USA,NA
10245,New Haven,USA,NA
10245,New Haven,USA,NA
10245,New Haven,USA,NA
10245,New Haven,USA,NA
10245,New Haven,USA,NA
10245,New Haven,USA,NA
10245,New Haven,USA,NA
10245,New Haven,USA,NA
10246,Madrid,Spain,EMEA
10246,Madrid,Spain,EMEA
10246,Madrid,Spain,EMEA
10246,Madrid,Spain,EMEA
10246,Madrid,Spain,EMEA
10246,Madrid,Spain,EMEA
10246,Madrid,Spain,EMEA
10246,Madrid,Spain,EMEA
10246,Madrid,Spain,EMEA
10246,Madrid,Spain,EMEA
10246,Madrid,Spain,EMEA
10247,Espoo,Finland,EMEA
10247,Espoo,Finland,EMEA
10247,Espoo,Finland,EMEA
10247,Espoo,Finland,EMEA
10247,Espoo,Finland,EMEA
10247,Espoo,Finland,EMEA
10248,NYC,USA,NA
10248,NYC,USA,NA
10248,NYC,USA,NA
10248,NYC,USA,NA
10248,NYC,USA,NA
10248,NYC,USA,NA
10248,NYC,USA,NA
10248,NYC,USA,NA
10248,NYC,USA,NA
10248,NYC,USA,NA
10248,NYC,USA,NA
10248,NYC,USA,NA
10248,NYC,USA,NA
10248,NYC,USA,NA
10249,Cambridge,USA,NA
10249,Cambridge,USA,NA
10249,Cambridge,USA,NA
10249,Cambridge,USA,NA
10249,Cambridge,USA,NA
10250,San Jose,USA,NA
10250,San Jose,USA,NA
10250,San Jose,USA,NA
10250,San Jose,USA,NA
10250,San Jose,USA,NA
10250,San Jose,USA,NA
10250,San Jose,USA,NA
10250,San Jose,USA,NA
10250,San Jose,USA,NA
10250,San Jose,USA,NA
10250,San Jose,USA,NA
10250,San Jose,USA,NA
10250,San Jose,USA,NA
10250,San Jose,USA,NA
10251,Newark,USA,NA
10251,Newark,USA,NA
10251,Newark,USA,NA
10251,Newark,USA,NA
10251,Newark,USA,NA
10251,Newark,USA,NA
10252,Paris,France,EMEA
10252,Paris,France,EMEA
10252,Paris,France,EMEA
10252,Paris,France,EMEA
10252,Paris,France,EMEA
10252,Paris,France,EMEA
10252,Paris,France,EMEA
10252,Paris,France,EMEA
10252,Paris,France,EMEA
10253,Liverpool,UK,EMEA
10253,Liverpool,UK,EMEA
10253,Liverpool,UK,EMEA
10253,Liverpool,UK,EMEA
10253,Liverpool,UK,EMEA
10253,Liverpool,UK,EMEA
10253,Liverpool,UK,EMEA
10253,Liverpool,UK,EMEA
10253,Liverpool,UK,EMEA
10253,Liverpool,UK,EMEA
10253,Liverpool,UK,EMEA
10253,Liverpool,UK,EMEA
10253,Liverpool,UK,EMEA
10253,Liverpool,UK,EMEA
10255,Strasbourg,France,EMEA
10255,Strasbourg,France,EMEA
10256,Kobenhavn,Denmark,EMEA
10256,Kobenhavn,Denmark,EMEA
10257,San Jose,USA,NA
10257,San Jose,USA,NA
10257,San Jose,USA,NA
10257,San Jose,USA,NA
10257,San Jose,USA,NA
10258,Minato-ku,Japan,Japan
10258,Minato-ku,Japan,Japan
10258,Minato-ku,Japan,Japan
10258,Minato-ku,Japan,Japan
10258,Minato-ku,Japan,Japan
10258,Minato-ku,Japan,Japan
10259,Singapore,Singapore,APAC
10259,Singapore,Singapore,APAC
10259,Singapore,Singapore,APAC
10259,Singapore,Singapore,APAC
10259,Singapore,Singapore,APAC
10259,Singapore,Singapore,APAC
10259,Singapore,Singapore,APAC
10259,Singapore,Singapore,APAC
10259,Singapore,Singapore,APAC
10259,Singapore,Singapore,APAC
10259,Singapore,Singapore,APAC
10259,Singapore,Singapore,APAC
10259,Singapore,Singapore,APAC
10261,Montreal,Canada,NA
10261,Montreal,Canada,NA
10261,Montreal,Canada,NA
10261,Montreal,Canada,NA
10261,Montreal,Canada,NA
10261,Montreal,Canada,NA
10261,Montreal,Canada,NA
10261,Montreal,Canada,NA
10261,Montreal,Canada,NA
10262,Madrid,Spain,EMEA
10262,Madrid,Spain,EMEA
10262,Madrid,Spain,EMEA
10262,Madrid,Spain,EMEA
10262,Madrid,Spain,EMEA
10262,Madrid,Spain,EMEA
10262,Madrid,Spain,EMEA
10262,Madrid,Spain,EMEA
10262,Madrid,Spain,EMEA
10262,Madrid,Spain,EMEA
10262,Madrid,Spain,EMEA
10262,Madrid,Spain,EMEA
10262,Madrid,Spain,EMEA
10262,Madrid,Spain,EMEA
10262,Madrid,Spain,EMEA
10262,Madrid,Spain,EMEA
10263,Bridgewater,USA,NA
10263,Bridgewater,USA,NA
10263,Bridgewater,USA,NA
10263,Bridgewater,USA,NA
10263,Bridgewater,USA,NA
10263,Bridgewater,USA,NA
10263,Bridgewater,USA,NA
10263,Bridgewater,USA,NA
10263,Bridgewater,USA,NA
10263,Bridgewater,USA,NA
10263,Bridgewater,USA,NA
10264,Boston,USA,NA
10264,Boston,USA,NA
10264,Boston,USA,NA
10264,Boston,USA,NA
10264,Boston,USA,NA
10264,Boston,USA,NA
10264,Boston,USA,NA
10265,Glen Waverly,Australia,APAC
10265,Glen Waverly,Australia,APAC
10266,Reggio Emilia,Italy,EMEA
10266,Reggio Emilia,Italy,EMEA
10266,Reggio Emilia,Italy,EMEA
10266,Reggio Emilia,Italy,EMEA
10266,Reggio Emilia,Italy,EMEA
10266,Reggio Emilia,Italy,EMEA
10266,Reggio Emilia,Italy,EMEA
10266,Reggio Emilia,Italy,EMEA
10266,Reggio Emilia,Italy,EMEA
10266,Reggio Emilia,Italy,EMEA
10266,Reggio Emilia,Italy,EMEA
10266,Reggio Emilia,Italy,EMEA
10266,Reggio Emilia,Italy,EMEA
10266,Reggio Emilia,Italy,EMEA
10266,Reggio Emilia,Italy,EMEA
10267,NYC,USA,NA
10267,NYC,USA,NA
10267,NYC,USA,NA
10267,NYC,USA,NA
10267,NYC,USA,NA
10267,NYC,USA,NA
10269,Salzburg,Austria,EMEA
10269,Salzburg,Austria,EMEA
10270,Chatswood,Australia,APAC
10270,Chatswood,Australia,APAC
10270,Chatswood,Australia,APAC
10270,Chatswood,Australia,APAC
10270,Chatswood,Australia,APAC
10270,Chatswood,Australia,APAC
10270,Chatswood,Australia,APAC
10270,Chatswood,Australia,APAC
10270,Chatswood,Australia,APAC
10270,Chatswood,Australia,APAC
10270,Chatswood,Australia,APAC
10271,San Rafael,USA,NA
10271,San Rafael,USA,NA
10271,San Rafael,USA,NA
10271,San Rafael,USA,NA
10271,San Rafael,USA,NA
10271,San Rafael,USA,NA
10271,San Rafael,USA,NA
10271,San Rafael,USA,NA
10271,San Rafael,USA,NA
10271,San Rafael,USA,NA
10271,San Rafael,USA,NA
10272,Allentown,USA,NA
10272,Allentown,USA,NA
10272,Allentown,USA,NA
10272,Allentown,USA,NA
10272,Allentown,USA,NA
10272,Allentown,USA,NA
10273,Bruxelles,Belgium,EMEA
10273,Bruxelles,Belgium,EMEA
10273,Bruxelles,Belgium,EMEA
10273,Bruxelles,Belgium,EMEA
10273,Bruxelles,Belgium,EMEA
10273,Bruxelles,Belgium,EMEA
10273,Bruxelles,Belgium,EMEA
10273,Bruxelles,Belgium,EMEA
10273,Bruxelles,Belgium,EMEA
10273,Bruxelles,Belgium,EMEA
10273,Bruxelles,Belgium,EMEA
10273,Bruxelles,Belgium,EMEA
10273,Bruxelles,Belgium,EMEA
10273,Bruxelles,Belgium,EMEA
10273,Bruxelles,Belgium,EMEA
10274,Brickhaven,USA,NA
10274,Brickhaven,USA,NA
10274,Brickhaven,USA,NA
10274,Brickhaven,USA,NA
10274,Brickhaven,USA,NA
10275,Nantes,France,EMEA
10275,Nantes,France,EMEA
10275,Nantes,France,EMEA
10275,Nantes,France,EMEA
10275,Nantes,France,EMEA
10275,Nantes,France,EMEA
10275,Nantes,France,EMEA
10275,Nantes,France,EMEA
10275,Nantes,France,EMEA
10275,Nantes,France,EMEA
10275,Nantes,France,EMEA
10275,Nantes,France,EMEA
10275,Nantes,France,EMEA
10275,Nantes,France,EMEA
10275,Nantes,France,EMEA
10275,Nantes,France,EMEA
10275,Nantes,France,EMEA
10275,Nantes,France,EMEA
10276,Brickhaven,USA,NA
10276,Brickhaven,USA,NA
10276,Brickhaven,USA,NA
10276,Brickhaven,USA,NA
10276,Brickhaven,USA,NA
10276,Brickhaven,USA,NA
10276,Brickhaven,USA,NA
10276,Brickhaven,USA,NA
10276,Brickhaven,USA,NA
10276,Brickhaven,USA,NA
10276,Brickhaven,USA,NA
10276,Brickhaven,USA,NA
10276,Brickhaven,USA,NA
10276,Brickhaven,USA,NA
10277,Singapore,Singapore,Japan
10278,Las Vegas,USA,NA
10278,Las Vegas,USA,NA
10278,Las Vegas,USA,NA
10278,Las Vegas,USA,NA
10278,Las Vegas,USA,NA
10278,Las Vegas,USA,NA
10278,Las Vegas,USA,NA
10278,Las Vegas,USA,NA
10278,Las Vegas,USA,NA
10278,Las Vegas,USA,NA
10279,Madrid,Spain,EMEA
10279,Madrid,Spain,EMEA
10279,Madrid,Spain,EMEA
10279,Madrid,Spain,EMEA
10279,Madrid,Spain,EMEA
10279,Madrid,Spain,EMEA
10280,Torino,Italy,EMEA
10280,Torino,Italy,EMEA
10280,Torino,Italy,EMEA
10280,Torino,Italy,EMEA
10280,Torino,Italy,EMEA
10280,Torino,Italy,EMEA
10280,Torino,Italy,EMEA
10280,Torino,Italy,EMEA
10280,Torino,Italy,EMEA
10280,Torino,Italy,EMEA
10280,Torino,Italy,EMEA
10280,Torino,Italy,EMEA
10280,Torino,Italy,EMEA
10280,Torino,Italy,EMEA
10280,Torino,Italy,EMEA
10280,Torino,Italy,EMEA
10280,Torino,Italy,EMEA
10281,Allentown,USA,NA
10281,Allentown,USA,NA
10281,Allentown,USA,NA
10281,Allentown,USA,NA
10281,Allentown,USA,NA
10281,Allentown,USA,NA
10281,Allentown,USA,NA
10281,Allentown,USA,NA
10281,Allentown,USA,NA
10281,Allentown,USA,NA
10281,Allentown,USA,NA
10281,Allentown,USA,NA
10281,Allentown,USA,NA
10281,Allentown,USA,NA
10282,San Rafael,USA,NA
10282,San Rafael,USA,NA
10282,San Rafael,USA,NA
10282,San Rafael,USA,NA
10282,San Rafael,USA,NA
10282,San Rafael,USA,NA
10282,San Rafael,USA,NA
10282,San Rafael,USA,NA
10282,San Rafael,USA,NA
10282,San Rafael,USA,NA
10282,San Rafael,USA,NA
10282,San Rafael,USA,NA
10282,San Rafael,USA,NA
10283,Tsawassen,Canada,NA
10283,Tsawassen,Canada,NA
10283,Tsawassen,Canada,NA
10283,Tsawassen,Canada,NA
10283,Tsawassen,Canada,NA
10283,Tsawassen,Canada,NA
10283,Tsawassen,Canada,NA
10283,Tsawassen,Canada,NA
10283,Tsawassen,Canada,NA
10283,Tsawassen,Canada,NA
10283,Tsawassen,Canada,NA
10283,Tsawassen,Canada,NA
10283,Tsawassen,Canada,NA
10283,Tsawassen,Canada,NA
10284,Oslo,Norway,EMEA
10284,Oslo,Norway,EMEA
10284,Oslo,Norway,EMEA
10284,Oslo,Norway,EMEA
10284,Oslo,Norway,EMEA
10284,Oslo,Norway,EMEA
10284,Oslo,Norway,EMEA
10284,Oslo,Norway,EMEA
10284,Oslo,Norway,EMEA
10284,Oslo,Norway,EMEA
10284,Oslo,Norway,EMEA
10284,Oslo,Norway,EMEA
10284,Oslo,Norway,EMEA
10285,Cambridge,USA,NA
10285,Cambridge,USA,NA
10285,Cambridge,USA,NA
10285,Cambridge,USA,NA
10285,Cambridge,USA,NA
10285,Cambridge,USA,NA
10285,Cambridge,USA,NA
10285,Cambridge,USA,NA
10285,Cambridge,USA,NA
10285,Cambridge,USA,NA
10285,Cambridge,USA,NA
10285,Cambridge,USA,NA
10285,Cambridge,USA,NA
10286,Paris,France,EMEA
10287,Gensve,Switzerland,EMEA
10287,Gensve,Switzerland,EMEA
10287,Gensve,Switzerland,EMEA
10287,Gensve,Switzerland,EMEA
10287,Gensve,Switzerland,EMEA
10287,Gensve,Switzerland,EMEA
10287,Gensve,Switzerland,EMEA
10287,Gensve,Switzerland,EMEA
10287,Gensve,Switzerland,EMEA
10287,Gensve,Switzerland,EMEA
10287,Gensve,Switzerland,EMEA
10287,Gensve,Switzerland,EMEA
10287,Gensve,Switzerland,EMEA
10287,Gensve,Switzerland,EMEA
10287,Gensve,Switzerland,EMEA
10287,Gensve,Switzerland,EMEA
10287,Gensve,Switzerland,EMEA
10288,Singapore,Singapore,APAC
10288,Singapore,Singapore,APAC
10288,Singapore,Singapore,APAC
10288,Singapore,Singapore,APAC
10288,Singapore,Singapore,APAC
10288,Singapore,Singapore,APAC
10288,Singapore,Singapore,APAC
10288,Singapore,Singapore,APAC
10288,Singapore,Singapore,APAC
10288,Singapore,Singapore,APAC
10288,Singapore,Singapore,APAC
10288,Singapore,Singapore,APAC
10288,Singapore,Singapore,APAC
10288,Singapore,Singapore,APAC
10289,Bergen,Norway,EMEA
10289,Bergen,Norway,EMEA
10289,Bergen,Norway,EMEA
10289,Bergen,Norway,EMEA
10290,Brickhaven,USA,NA
10290,Brickhaven,USA,NA
10291,Boras,Sweden,EMEA
10291,Boras,Sweden,EMEA
10291,Boras,Sweden,EMEA
10291,Boras,Sweden,EMEA
10291,Boras,Sweden,EMEA
10291,Boras,Sweden,EMEA
10291,Boras,Sweden,EMEA
10291,Boras,Sweden,EMEA
10291,Boras,Sweden,EMEA
10291,Boras,Sweden,EMEA
10291,Boras,Sweden,EMEA
10291,Boras,Sweden,EMEA
10291,Boras,Sweden,EMEA
10291,Boras,Sweden,EMEA
10292,NYC,USA,NA
10292,NYC,USA,NA
10292,NYC,USA,NA
10292,NYC,USA,NA
10292,NYC,USA,NA
10292,NYC,USA,NA
10292,NYC,USA,NA
10292,NYC,USA,NA
10292,NYC,USA,NA
10292,NYC,USA,NA
10292,NYC,USA,NA
10292,NYC,USA,NA
10293,Torino,Italy,EMEA
10293,Torino,Italy,EMEA
10293,Torino,Italy,EMEA
10293,Torino,Italy,EMEA
10293,Torino,Italy,EMEA
10293,Torino,Italy,EMEA
10293,Torino,Italy,EMEA
10293,Torino,Italy,EMEA
10293,Torino,Italy,EMEA
10294,Brickhaven,USA,NA
10295,Boston,USA,NA
10295,Boston,USA,NA
10295,Boston,USA,NA
10295,Boston,USA,NA
10295,Boston,USA,NA
10296,Munich,Germany,EMEA
10296,Munich,Germany,EMEA
10296,Munich,Germany,EMEA
10296,Munich,Germany,EMEA
10296,Munich,Germany,EMEA
10296,Munich,Germany,EMEA
10296,Munich,Germany,EMEA
10296,Munich,Germany,EMEA
10296,Munich,Germany,EMEA
10296,Munich,Germany,EMEA
10296,Munich,Germany,EMEA
10296,Munich,Germany,EMEA
10296,Munich,Germany,EMEA
10296,Munich,Germany,EMEA
10297,Dublin,Ireland,EMEA
10297,Dublin,Ireland,EMEA
10297,Dublin,Ireland,EMEA
10297,Dublin,Ireland,EMEA
10297,Dublin,Ireland,EMEA
10297,Dublin,Ireland,EMEA
10297,Dublin,Ireland,EMEA
10298,Nantes,France,EMEA
10298,Nantes,France,EMEA
10299,Helsinki,Finland,EMEA
10299,Helsinki,Finland,EMEA
10299,Helsinki,Finland,EMEA
10299,Helsinki,Finland,EMEA
10299,Helsinki,Finland,EMEA
10299,Helsinki,Finland,EMEA
10299,Helsinki,Finland,EMEA
10299,Helsinki,Finland,EMEA
10299,Helsinki,Finland,EMEA
10299,Helsinki,Finland,EMEA
10299,Helsinki,Finland,EMEA
10300,Frankfurt,Germany,EMEA
10300,Frankfurt,Germany,EMEA
10300,Frankfurt,Germany,EMEA
10300,Frankfurt,Germany,EMEA
10300,Frankfurt,Germany,EMEA
10300,Frankfurt,Germany,EMEA
10300,Frankfurt,Germany,EMEA
10300,Frankfurt,Germany,EMEA
10301,Oslo,Norway,EMEA
10301,Oslo,Norway,EMEA
10301,Oslo,Norway,EMEA
10301,Oslo,Norway,EMEA
10301,Oslo,Norway,EMEA
10301,Oslo,Norway,EMEA
10301,Oslo,Norway,EMEA
10301,Oslo,Norway,EMEA
10301,Oslo,Norway,EMEA
10301,Oslo,Norway,EMEA
10301,Oslo,Norway,EMEA
10302,Liverpool,UK,EMEA
10302,Liverpool,UK,EMEA
10302,Liverpool,UK,EMEA
10302,Liverpool,UK,EMEA
10302,Liverpool,UK,EMEA
10302,Liverpool,UK,EMEA
10303,Sevilla,Spain,EMEA
10303,Sevilla,Spain,EMEA
10304,Versailles,France,EMEA
10304,Versailles,France,EMEA
10304,Versailles,France,EMEA
10304,Versailles,France,EMEA
10304,Versailles,France,EMEA
10304,Versailles,France,EMEA
10304,Versailles,France,EMEA
10304,Versailles,France,EMEA
10304,Versailles,France,EMEA
10304,Versailles,France,EMEA
10304,Versailles,France,EMEA
10304,Versailles,France,EMEA
10304,Versailles,France,EMEA
10304,Versailles,France,EMEA
10304,Versailles,France,EMEA
10304,Versailles,France,EMEA
10304,Versailles,France,EMEA
10305,Cambridge,USA,NA
10305,Cambridge,USA,NA
10305,Cambridge,USA,NA
10305,Cambridge,USA,NA
10305,Cambridge,USA,NA
10305,Cambridge,USA,NA
10305,Cambridge,USA,NA
10305,Cambridge,USA,NA
10305,Cambridge,USA,NA
10305,Cambridge,USA,NA
10305,Cambridge,USA,NA
10305,Cambridge,USA,NA
10305,Cambridge,USA,NA
10305,Cambridge,USA,NA
10306,Manchester,UK,EMEA
10306,Manchester,UK,EMEA
10306,Manchester,UK,EMEA
10306,Manchester,UK,EMEA
10306,Manchester,UK,EMEA
10306,Manchester,UK,EMEA
10306,Manchester,UK,EMEA
10306,Manchester,UK,EMEA
10306,Manchester,UK,EMEA
10306,Manchester,UK,EMEA
10306,Manchester,UK,EMEA
10306,Manchester,UK,EMEA
10306,Manchester,UK,EMEA
10306,Manchester,UK,EMEA
10306,Manchester,UK,EMEA
10306,Manchester,UK,EMEA
10306,Manchester,UK,EMEA
10307,Philadelphia,USA,NA
10307,Philadelphia,USA,NA
10307,Philadelphia,USA,NA
10307,Philadelphia,USA,NA
10307,Philadelphia,USA,NA
10307,Philadelphia,USA,NA
10307,Philadelphia,USA,NA
10307,Philadelphia,USA,NA
10307,Philadelphia,USA,NA
10308,White Plains,USA,NA
10308,White Plains,USA,NA
10308,White Plains,USA,NA
10308,White Plains,USA,NA
10308,White Plains,USA,NA
10308,White Plains,USA,NA
10308,White Plains,USA,NA
10308,White Plains,USA,NA
10308,White Plains,USA,NA
10308,White Plains,USA,NA
10308,White Plains,USA,NA
10308,White Plains,USA,NA
10308,White Plains,USA,NA
10308,White Plains,USA,NA
10308,White Plains,USA,NA
10308,White Plains,USA,NA
10309,Stavern,Norway,EMEA
10309,Stavern,Norway,EMEA
10309,Stavern,Norway,EMEA
10309,Stavern,Norway,EMEA
10309,Stavern,Norway,EMEA
10309,Stavern,Norway,EMEA
10310,Koln,Germany,EMEA
10310,Koln,Germany,EMEA
10310,Koln,Germany,EMEA
10310,Koln,Germany,EMEA
10310,Koln,Germany,EMEA
10310,Koln,Germany,EMEA
10310,Koln,Germany,EMEA
10310,Koln,Germany,EMEA
10310,Koln,Germany,EMEA
10310,Koln,Germany,EMEA
10310,Koln,Germany,EMEA
10310,Koln,Germany,EMEA
10310,Koln,Germany,EMEA
10310,Koln,Germany,EMEA
10310,Koln,Germany,EMEA
10310,Koln,Germany,EMEA
10310,Koln,Germany,EMEA
10311,Madrid,Spain,EMEA
10311,Madrid,Spain,EMEA
10311,Madrid,Spain,EMEA
10311,Madrid,Spain,EMEA
10311,Madrid,Spain,EMEA
10311,Madrid,Spain,EMEA
10311,Madrid,Spain,EMEA
10311,Madrid,Spain,EMEA
10311,Madrid,Spain,EMEA
10311,Madrid,Spain,EMEA
10311,Madrid,Spain,EMEA
10312,San Rafael,USA,NA
10312,San Rafael,USA,NA
10312,San Rafael,USA,NA
10312,San Rafael,USA,NA
10312,San Rafael,USA,NA
10312,San Rafael,USA,NA
10312,San Rafael,USA,NA
10312,San Rafael,USA,NA
10312,San Rafael,USA,NA
10312,San Rafael,USA,NA
10312,San Rafael,USA,NA
10312,San Rafael,USA,NA
10312,San Rafael,USA,NA
10312,San Rafael,USA,NA
10312,San Rafael,USA,NA
10312,San Rafael,USA,NA
10312,San Rafael,USA,NA
10313,Vancouver,Canada,NA
10313,Vancouver,Canada,NA
10313,Vancouver,Canada,NA
10313,Vancouver,Canada,NA
10313,Vancouver,Canada,NA
10313,Vancouver,Canada,NA
10313,Vancouver,Canada,NA
10313,Vancouver,Canada,NA
10313,Vancouver,Canada,NA
10313,Vancouver,Canada,NA
10313,Vancouver,Canada,NA
10314,Aaarhus,Denmark,EMEA
10314,Aaarhus,Denmark,EMEA
10314,Aaarhus,Denmark,EMEA
10314,Aaarhus,Denmark,EMEA
10314,Aaarhus,Denmark,EMEA
10314,Aaarhus,Denmark,EMEA
10314,Aaarhus,Denmark,EMEA
10314,Aaarhus,Denmark,EMEA
10314,Aaarhus,Denmark,EMEA
10314,Aaarhus,Denmark,EMEA
10314,Aaarhus,Denmark,EMEA
10314,Aaarhus,Denmark,EMEA
10314,Aaarhus,Denmark,EMEA
10314,Aaarhus,Denmark,EMEA
10314,Aaarhus,Denmark,EMEA
10315,Nantes,France,EMEA
10315,Nantes,France,EMEA
10315,Nantes,France,EMEA
10315,Nantes,France,EMEA
10315,Nantes,France,EMEA
10315,Nantes,France,EMEA
10315,Nantes,France,EMEA
10316,Cowes,UK,EMEA
10316,Cowes,UK,EMEA
10316,Cowes,UK,EMEA
10316,Cowes,UK,EMEA
10316,Cowes,UK,EMEA
10316,Cowes,UK,EMEA
10316,Cowes,UK,EMEA
10316,Cowes,UK,EMEA
10316,Cowes,UK,EMEA
10316,Cowes,UK,EMEA
10316,Cowes,UK,EMEA
10316,Cowes,UK,EMEA
10316,Cowes,UK,EMEA
10316,Cowes,UK,EMEA
10316,Cowes,UK,EMEA
10316,Cowes,UK,EMEA
10316,Cowes,UK,EMEA
10316,Cowes,UK,EMEA
10317,Burlingame,USA,NA
10318,Allentown,USA,NA
10318,Allentown,USA,NA
10318,Allentown,USA,NA
10318,Allentown,USA,NA
10318,Allentown,USA,NA
10318,Allentown,USA,NA
10318,Allentown,USA,NA
10318,Allentown,USA,NA
10318,Allentown,USA,NA
10319,NYC,USA,NA
10319,NYC,USA,NA
10319,NYC,USA,NA
10319,NYC,USA,NA
10319,NYC,USA,NA
10319,NYC,USA,NA
10319,NYC,USA,NA
10319,NYC,USA,NA
10319,NYC,USA,NA
10320,Lule,Sweden,EMEA
10320,Lule,Sweden,EMEA
10320,Lule,Sweden,EMEA
10320,Lule,Sweden,EMEA
10320,Lule,Sweden,EMEA
10321,New Bedford,USA,NA
10321,New Bedford,USA,NA
10321,New Bedford,USA,NA
10321,New Bedford,USA,NA
10321,New Bedford,USA,NA
10321,New Bedford,USA,NA
10321,New Bedford,USA,NA
10321,New Bedford,USA,NA
10321,New Bedford,USA,NA
10321,New Bedford,USA,NA
10321,New Bedford,USA,NA
10321,New Bedford,USA,NA
10321,New Bedford,USA,NA
10321,New Bedford,USA,NA
10321,New Bedford,USA,NA
10322,Nashua,USA,NA
10322,Nashua,USA,NA
10322,Nashua,USA,NA
10322,Nashua,USA,NA
10322,Nashua,USA,NA
10322,Nashua,USA,NA
10322,Nashua,USA,NA
10322,Nashua,USA,NA
10322,Nashua,USA,NA
10322,Nashua,USA,NA
10322,Nashua,USA,NA
10322,Nashua,USA,NA
10322,Nashua,USA,NA
10322,Nashua,USA,NA
10323,Frankfurt,Germany,EMEA
10323,Frankfurt,Germany,EMEA
10324,NYC,USA,NA
10324,NYC,USA,NA
10324,NYC,USA,NA
10324,NYC,USA,NA
10324,NYC,USA,NA
10324,NYC,USA,NA
10324,NYC,USA,NA
10324,NYC,USA,NA
10324,NYC,USA,NA
10324,NYC,USA,NA
10324,NYC,USA,NA
10324,NYC,USA,NA
10324,NYC,USA,NA
10324,NYC,USA,NA
10325,Stavern,Norway,EMEA
10325,Stavern,Norway,EMEA
10325,Stavern,Norway,EMEA
10325,Stavern,Norway,EMEA
10325,Stavern,Norway,EMEA
10325,Stavern,Norway,EMEA
10325,Stavern,Norway,EMEA
10325,Stavern,Norway,EMEA
10325,Stavern,Norway,EMEA
10326,Lule,Sweden,EMEA
10326,Lule,Sweden,EMEA
10326,Lule,Sweden,EMEA
10326,Lule,Sweden,EMEA
10326,Lule,Sweden,EMEA
10326,Lule,Sweden,EMEA
10327,Kobenhavn,Denmark,EMEA
10327,Kobenhavn,Denmark,EMEA
10327,Kobenhavn,Denmark,EMEA
10327,Kobenhavn,Denmark,EMEA
10327,Kobenhavn,Denmark,EMEA
10327,Kobenhavn,Denmark,EMEA
10327,Kobenhavn,Denmark,EMEA
10327,Kobenhavn,Denmark,EMEA
10328,Bergamo,Italy,EMEA
10328,Bergamo,Italy,EMEA
10328,Bergamo,Italy,EMEA
10328,Bergamo,Italy,EMEA
10328,Bergamo,Italy,EMEA
10328,Bergamo,Italy,EMEA
10328,Bergamo,Italy,EMEA
10328,Bergamo,Italy,EMEA
10328,Bergamo,Italy,EMEA
10328,Bergamo,Italy,EMEA
10328,Bergamo,Italy,EMEA
10328,Bergamo,Italy,EMEA
10328,Bergamo,Italy,EMEA
10328,Bergamo,Italy,EMEA
10329,NYC,USA,NA
10329,NYC,USA,NA
10329,NYC,USA,NA
10329,NYC,USA,NA
10329,NYC,USA,NA
10329,NYC,USA,NA
10329,NYC,USA,NA
10329,NYC,USA,NA
10329,NYC,USA,NA
10329,NYC,USA,NA
10329,NYC,USA,NA
10329,NYC,USA,NA
10329,NYC,USA,NA
10329,NYC,USA,NA
10329,NYC,USA,NA
10330,Makati City,Philippines,Japan
10330,Makati City,Philippines,Japan
10330,Makati City,Philippines,Japan
10330,Makati City,Philippines,Japan
10331,Philadelphia,USA,NA
10331,Philadelphia,USA,NA
10331,Philadelphia,USA,NA
10331,Philadelphia,USA,NA
10331,Philadelphia,USA,NA
10331,Philadelphia,USA,NA
10331,Philadelphia,USA,NA
10331,Philadelphia,USA,NA
10331,Philadelphia,USA,NA
10331,Philadelphia,USA,NA
10331,Philadelphia,USA,NA
10331,Philadelphia,USA,NA
10331,Philadelphia,USA,NA
10331,Philadelphia,USA,NA
10332,Manchester,UK,EMEA
10332,Manchester,UK,EMEA
10332,Manchester,UK,EMEA
10332,Manchester,UK,EMEA
10332,Manchester,UK,EMEA
10332,Manchester,UK,EMEA
10332,Manchester,UK,EMEA
10332,Manchester,UK,EMEA
10332,Manchester,UK,EMEA
10332,Manchester,UK,EMEA
10332,Manchester,UK,EMEA
10332,Manchester,UK,EMEA
10332,Manchester,UK,EMEA
10332,Manchester,UK,EMEA
10332,Manchester,UK,EMEA
10332,Manchester,UK,EMEA
10332,Manchester,UK,EMEA
10332,Manchester,UK,EMEA
10333,San Francisco,USA,NA
10333,San Francisco,USA,NA
10333,San Francisco,USA,NA
10333,San Francisco,USA,NA
10333,San Francisco,USA,NA
10333,San Francisco,USA,NA
10333,San Francisco,USA,NA
10333,San Francisco,USA,NA
10334,Lule,Sweden,EMEA
10334,Lule,Sweden,EMEA
10334,Lule,Sweden,EMEA
10334,Lule,Sweden,EMEA
10334,Lule,Sweden,EMEA
10334,Lule,Sweden,EMEA
10335,San Rafael,USA,NA
10335,San Rafael,USA,NA
10335,San Rafael,USA,NA
10336,Paris,France,EMEA
10336,Paris,France,EMEA
10336,Paris,France,EMEA
10336,Paris,France,EMEA
10336,Paris,France,EMEA
10336,Paris,France,EMEA
10336,Paris,France,EMEA
10336,Paris,France,EMEA
10336,Paris,France,EMEA
10336,Paris,France,EMEA
10336,Paris,France,EMEA
10336,Paris,France,EMEA
10337,NYC,USA,NA
10337,NYC,USA,NA
10337,NYC,USA,NA
10337,NYC,USA,NA
10337,NYC,USA,NA
10337,NYC,USA,NA
10337,NYC,USA,NA
10337,NYC,USA,NA
10337,NYC,USA,NA
10338,Charleroi,Belgium,EMEA
10338,Charleroi,Belgium,EMEA
10338,Charleroi,Belgium,EMEA
10339,Minato-ku,Japan,Japan
10339,Minato-ku,Japan,Japan
10339,Minato-ku,Japan,Japan
10339,Minato-ku,Japan,Japan
10339,Minato-ku,Japan,Japan
10339,Minato-ku,Japan,Japan
10339,Minato-ku,Japan,Japan
10339,Minato-ku,Japan,Japan
10339,Minato-ku,Japan,Japan
10339,Minato-ku,Japan,Japan
10339,Minato-ku,Japan,Japan
10339,Minato-ku,Japan,Japan
10339,Minato-ku,Japan,Japan
10339,Minato-ku,Japan,Japan
10339,Minato-ku,Japan,Japan
10339,Minato-ku,Japan,Japan
10340,Barcelona,Spain,EMEA
10340,Barcelona,Spain,EMEA
10340,Barcelona,Spain,EMEA
10340,Barcelona,Spain,EMEA
10340,Barcelona,Spain,EMEA
10340,Barcelona,Spain,EMEA
10340,Barcelona,Spain,EMEA
10340,Barcelona,Spain,EMEA
10341,Salzburg,Austria,EMEA
10341,Salzburg,Austria,EMEA
10341,Salzburg,Austria,EMEA
10341,Salzburg,Austria,EMEA
10341,Salzburg,Austria,EMEA
10341,Salzburg,Austria,EMEA
10341,Salzburg,Austria,EMEA
10341,Salzburg,Austria,EMEA
10341,Salzburg,Austria,EMEA
10341,Salzburg,Austria,EMEA
10342,Melbourne,Australia,APAC
10342,Melbourne,Australia,APAC
10342,Melbourne,Australia,APAC
10342,Melbourne,Australia,APAC
10342,Melbourne,Australia,APAC
10342,Melbourne,Australia,APAC
10342,Melbourne,Australia,APAC
10342,Melbourne,Australia,APAC
10342,Melbourne,Australia,APAC
10342,Melbourne,Australia,APAC
10342,Melbourne,Australia,APAC
10343,Reims,France,EMEA
10343,Reims,France,EMEA
10343,Reims,France,EMEA
10343,Reims,France,EMEA
10343,Reims,France,EMEA
10343,Reims,France,EMEA
10344,Marseille,France,EMEA
10344,Marseille,France,EMEA
10344,Marseille,France,EMEA
10344,Marseille,France,EMEA
10344,Marseille,France,EMEA
10344,Marseille,France,EMEA
10344,Marseille,France,EMEA
10345,Nantes,France,EMEA
10346,Las Vegas,USA,NA
10346,Las Vegas,USA,NA
10346,Las Vegas,USA,NA
10346,Las Vegas,USA,NA
10346,Las Vegas,USA,NA
10346,Las Vegas,USA,NA
10347,Melbourne,Australia,APAC
10347,Melbourne,Australia,APAC
10347,Melbourne,Australia,APAC
10347,Melbourne,Australia,APAC
10347,Melbourne,Australia,APAC
10347,Melbourne,Australia,APAC
10347,Melbourne,Australia,APAC
10347,Melbourne,Australia,APAC
10347,Melbourne,Australia,APAC
10347,Melbourne,Australia,APAC
10347,Melbourne,Australia,APAC
10347,Melbourne,Australia,APAC
10348,Madrid,Spain,EMEA
10348,Madrid,Spain,EMEA
10348,Madrid,Spain,EMEA
10348,Madrid,Spain,EMEA
10348,Madrid,Spain,EMEA
10348,Madrid,Spain,EMEA
10348,Madrid,Spain,EMEA
10348,Madrid,Spain,EMEA
10349,NYC,USA,NA
10349,NYC,USA,NA
10349,NYC,USA,NA
10349,NYC,USA,NA
10349,NYC,USA,NA
10349,NYC,USA,NA
10349,NYC,USA,NA
10349,NYC,USA,NA
10349,NYC,USA,NA
10349,NYC,USA,NA
10350,Madrid,Spain,EMEA
10350,Madrid,Spain,EMEA
10350,Madrid,Spain,EMEA
10350,Madrid,Spain,EMEA
10350,Madrid,Spain,EMEA
10350,Madrid,Spain,EMEA
10350,Madrid,Spain,EMEA
10350,Madrid,Spain,EMEA
10350,Madrid,Spain,EMEA
10350,Madrid,Spain,EMEA
10350,Madrid,Spain,EMEA
10350,Madrid,Spain,EMEA
10350,Madrid,Spain,EMEA
10350,Madrid,Spain,EMEA
10350,Madrid,Spain,EMEA
10350,Madrid,Spain,EMEA
10350,Madrid,Spain,EMEA
10351,London,UK,EMEA
10351,London,UK,EMEA
10351,London,UK,EMEA
10351,London,UK,EMEA
10351,London,UK,EMEA
10352,Brickhaven,USA,NA
10352,Brickhaven,USA,NA
10352,Brickhaven,USA,NA
10352,Brickhaven,USA,NA
10353,Glendale,USA,NA
10353,Glendale,USA,NA
10353,Glendale,USA,NA
10353,Glendale,USA,NA
10353,Glendale,USA,NA
10353,Glendale,USA,NA
10353,Glendale,USA,NA
10353,Glendale,USA,NA
10353,Glendale,USA,NA
10355,Madrid,Spain,EMEA
10355,Madrid,Spain,EMEA
10355,Madrid,Spain,EMEA
10355,Madrid,Spain,EMEA
10355,Madrid,Spain,EMEA
10355,Madrid,Spain,EMEA
10355,Madrid,Spain,EMEA
10355,Madrid,Spain,EMEA
10355,Madrid,Spain,EMEA
10355,Madrid,Spain,EMEA
10356,Paris,France,EMEA
10356,Paris,France,EMEA
10356,Paris,France,EMEA
10356,Paris,France,EMEA
10356,Paris,France,EMEA
10356,Paris,France,EMEA
10356,Paris,France,EMEA
10356,Paris,France,EMEA
10356,Paris,France,EMEA
10357,San Rafael,USA,NA
10357,San Rafael,USA,NA
10357,San Rafael,USA,NA
10357,San Rafael,USA,NA
10357,San Rafael,USA,NA
10357,San Rafael,USA,NA
10357,San Rafael,USA,NA
10357,San Rafael,USA,NA
10357,San Rafael,USA,NA
10357,San Rafael,USA,NA
10358,Madrid,Spain,EMEA
10358,Madrid,Spain,EMEA
10358,Madrid,Spain,EMEA
10358,Madrid,Spain,EMEA
10358,Madrid,Spain,EMEA
10358,Madrid,Spain,EMEA
10358,Madrid,Spain,EMEA
10358,Madrid,Spain,EMEA
10358,Madrid,Spain,EMEA
10358,Madrid,Spain,EMEA
10358,Madrid,Spain,EMEA
10358,Madrid,Spain,EMEA
10358,Madrid,Spain,EMEA
10358,Madrid,Spain,EMEA
10359,Reims,France,EMEA
10359,Reims,France,EMEA
10359,Reims,France,EMEA
10359,Reims,France,EMEA
10359,Reims,France,EMEA
10359,Reims,France,EMEA
10359,Reims,France,EMEA
10359,Reims,France,EMEA
10361,Chatswood,Australia,APAC
10361,Chatswood,Australia,APAC
10361,Chatswood,Australia,APAC
10361,Chatswood,Australia,APAC
10361,Chatswood,Australia,APAC
10361,Chatswood,Australia,APAC
10361,Chatswood,Australia,APAC
10361,Chatswood,Australia,APAC
10361,Chatswood,Australia,APAC
10361,Chatswood,Australia,APAC
10361,Chatswood,Australia,APAC
10361,Chatswood,Australia,APAC
10361,Chatswood,Australia,APAC
10361,Chatswood,Australia,APAC
10362,Burlingame,USA,NA
10362,Burlingame,USA,NA
10362,Burlingame,USA,NA
10362,Burlingame,USA,NA
10363,Espoo,Finland,EMEA
10363,Espoo,Finland,EMEA
10363,Espoo,Finland,EMEA
10363,Espoo,Finland,EMEA
10363,Espoo,Finland,EMEA
10363,Espoo,Finland,EMEA
10363,Espoo,Finland,EMEA
10363,Espoo,Finland,EMEA
10363,Espoo,Finland,EMEA
10363,Espoo,Finland,EMEA
10363,Espoo,Finland,EMEA
10363,Espoo,Finland,EMEA
10363,Espoo,Finland,EMEA
10363,Espoo,Finland,EMEA
10363,Espoo,Finland,EMEA
10364,Marseille,France,EMEA
10365,New Bedford,USA,NA
10365,New Bedford,USA,NA
10365,New Bedford,USA,NA
10366,Charleroi,Belgium,EMEA
10366,Charleroi,Belgium,EMEA
10366,Charleroi,Belgium,EMEA
10367,Pasadena,USA,NA
10367,Pasadena,USA,NA
10367,Pasadena,USA,NA
10367,Pasadena,USA,NA
10367,Pasadena,USA,NA
10367,Pasadena,USA,NA
10367,Pasadena,USA,NA
10367,Pasadena,USA,NA
10367,Pasadena,USA,NA
10367,Pasadena,USA,NA
10367,Pasadena,USA,NA
10367,Pasadena,USA,NA
10367,Pasadena,USA,NA
10368,San Rafael,USA,NA
10368,San Rafael,USA,NA
10368,San Rafael,USA,NA
10368,San Rafael,USA,NA
10368,San Rafael,USA,NA
10369,Brickhaven,USA,NA
10369,Brickhaven,USA,NA
10369,Brickhaven,USA,NA
10369,Brickhaven,USA,NA
10369,Brickhaven,USA,NA
10369,Brickhaven,USA,NA
10369,Brickhaven,USA,NA
10369,Brickhaven,USA,NA
10370,North Sydney,Australia,APAC
10370,North Sydney,Australia,APAC
10370,North Sydney,Australia,APAC
10370,North Sydney,Australia,APAC
10370,North Sydney,Australia,APAC
10370,North Sydney,Australia,APAC
10370,North Sydney,Australia,APAC
10370,North Sydney,Australia,APAC
10370,North Sydney,Australia,APAC
10371,San Rafael,USA,NA
10371,San Rafael,USA,NA
10371,San Rafael,USA,NA
10371,San Rafael,USA,NA
10371,San Rafael,USA,NA
10371,San Rafael,USA,NA
10371,San Rafael,USA,NA
10371,San Rafael,USA,NA
10371,San Rafael,USA,NA
10371,San Rafael,USA,NA
10371,San Rafael,USA,NA
10371,San Rafael,USA,NA
10372,Minato-ku,Japan,Japan
10372,Minato-ku,Japan,Japan
10372,Minato-ku,Japan,Japan
10372,Minato-ku,Japan,Japan
10372,Minato-ku,Japan,Japan
10372,Minato-ku,Japan,Japan
10372,Minato-ku,Japan,Japan
10372,Minato-ku,Japan,Japan
10372,Minato-ku,Japan,Japan
10373,Oulu,Finland,EMEA
10373,Oulu,Finland,EMEA
10373,Oulu,Finland,EMEA
10373,Oulu,Finland,EMEA
10373,Oulu,Finland,EMEA
10373,Oulu,Finland,EMEA
10373,Oulu,Finland,EMEA
10373,Oulu,Finland,EMEA
10373,Oulu,Finland,EMEA
10373,Oulu,Finland,EMEA
10373,Oulu,Finland,EMEA
10373,Oulu,Finland,EMEA
10373,Oulu,Finland,EMEA
10373,Oulu,Finland,EMEA
10373,Oulu,Finland,EMEA
10373,Oulu,Finland,EMEA
10373,Oulu,Finland,EMEA
10374,South Brisbane,Australia,APAC
10374,South Brisbane,Australia,APAC
10374,South Brisbane,Australia,APAC
10374,South Brisbane,Australia,APAC
10374,South Brisbane,Australia,APAC
10374,South Brisbane,Australia,APAC
10375,Nantes,France,EMEA
10375,Nantes,France,EMEA
10375,Nantes,France,EMEA
10375,Nantes,France,EMEA
10375,Nantes,France,EMEA
10375,Nantes,France,EMEA
10375,Nantes,France,EMEA
10375,Nantes,France,EMEA
10375,Nantes,France,EMEA
10375,Nantes,France,EMEA
10375,Nantes,France,EMEA
10375,Nantes,France,EMEA
10375,Nantes,France,EMEA
10375,Nantes,France,EMEA
10375,Nantes,France,EMEA
10376,Glendale,USA,NA
10377,Helsinki,Finland,EMEA
10377,Helsinki,Finland,EMEA
10377,Helsinki,Finland,EMEA
10377,Helsinki,Finland,EMEA
10377,Helsinki,Finland,EMEA
10377,Helsinki,Finland,EMEA
10378,Madrid,Spain,EMEA
10378,Madrid,Spain,EMEA
10378,Madrid,Spain,EMEA
10378,Madrid,Spain,EMEA
10378,Madrid,Spain,EMEA
10378,Madrid,Spain,EMEA
10378,Madrid,Spain,EMEA
10378,Madrid,Spain,EMEA
10378,Madrid,Spain,EMEA
10378,Madrid,Spain,EMEA
10379,Madrid,Spain,EMEA
10379,Madrid,Spain,EMEA
10379,Madrid,Spain,EMEA
10379,Madrid,Spain,EMEA
10379,Madrid,Spain,EMEA
10380,Madrid,Spain,EMEA
10380,Madrid,Spain,EMEA
10380,Madrid,Spain,EMEA
10380,Madrid,Spain,EMEA
10380,Madrid,Spain,EMEA
10380,Madrid,Spain,EMEA
10380,Madrid,Spain,EMEA
10380,Madrid,Spain,EMEA
10380,Madrid,Spain,EMEA
10380,Madrid,Spain,EMEA
10380,Madrid,Spain,EMEA
10380,Madrid,Spain,EMEA
10380,Madrid,Spain,EMEA
10381,San Francisco,USA,NA
10381,San Francisco,USA,NA
10381,San Francisco,USA,NA
10381,San Francisco,USA,NA
10381,San Francisco,USA,NA
10381,San Francisco,USA,NA
10381,San Francisco,USA,NA
10381,San Francisco,USA,NA
10381,San Francisco,USA,NA
10382,San Rafael,USA,NA
10382,San Rafael,USA,NA
10382,San Rafael,USA,NA
10382,San Rafael,USA,NA
10382,San Rafael,USA,NA
10382,San Rafael,USA,NA
10382,San Rafael,USA,NA
10382,San Rafael,USA,NA
10382,San Rafael,USA,NA
10382,San Rafael,USA,NA
10382,San Rafael,USA,NA
10382,San Rafael,USA,NA
10382,San Rafael,USA,NA
10383,Madrid,Spain,EMEA
10383,Madrid,Spain,EMEA
10383,Madrid,Spain,EMEA
10383,Madrid,Spain,EMEA
10383,Madrid,Spain,EMEA
10383,Madrid,Spain,EMEA
10383,Madrid,Spain,EMEA
10383,Madrid,Spain,EMEA
10383,Madrid,Spain,EMEA
10383,Madrid,Spain,EMEA
10383,Madrid,Spain,EMEA
10383,Madrid,Spain,EMEA
10383,Madrid,Spain,EMEA
10384,San Francisco,USA,NA
10384,San Francisco,USA,NA
10384,San Francisco,USA,NA
10384,San Francisco,USA,NA
10385,San Rafael,USA,NA
10385,San Rafael,USA,NA
10386,Madrid,Spain,EMEA
10386,Madrid,Spain,EMEA
10386,Madrid,Spain,EMEA
10386,Madrid,Spain,EMEA
10386,Madrid,Spain,EMEA
10386,Madrid,Spain,EMEA
10386,Madrid,Spain,EMEA
10386,Madrid,Spain,EMEA
10386,Madrid,Spain,EMEA
10386,Madrid,Spain,EMEA
10386,Madrid,Spain,EMEA
10386,Madrid,Spain,EMEA
10386,Madrid,Spain,EMEA
10386,Madrid,Spain,EMEA
10386,Madrid,Spain,EMEA
10386,Madrid,Spain,EMEA
10386,Madrid,Spain,EMEA
10386,Madrid,Spain,EMEA
10387,Singapore,Singapore,Japan
10388,New Bedford,USA,NA
10388,New Bedford,USA,NA
10388,New Bedford,USA,NA
10388,New Bedford,USA,NA
10388,New Bedford,USA,NA
10388,New Bedford,USA,NA
10388,New Bedford,USA,NA
10388,New Bedford,USA,NA
10389,Boras,Sweden,EMEA
10389,Boras,Sweden,EMEA
10389,Boras,Sweden,EMEA
10389,Boras,Sweden,EMEA
10389,Boras,Sweden,EMEA
10389,Boras,Sweden,EMEA
10389,Boras,Sweden,EMEA
10389,Boras,Sweden,EMEA
10390,San Rafael,USA,NA
10390,San Rafael,USA,NA
10390,San Rafael,USA,NA
10390,San Rafael,USA,NA
10390,San Rafael,USA,NA
10390,San Rafael,USA,NA
10390,San Rafael,USA,NA
10390,San Rafael,USA,NA
10390,San Rafael,USA,NA
10390,San Rafael,USA,NA
10390,San Rafael,USA,NA
10390,San Rafael,USA,NA
10390,San Rafael,USA,NA
10390,San Rafael,USA,NA
10390,San Rafael,USA,NA
10390,San Rafael,USA,NA
10391,North Sydney,Australia,APAC
10391,North Sydney,Australia,APAC
10391,North Sydney,Australia,APAC
10391,North Sydney,Australia,APAC
10391,North Sydney,Australia,APAC
10391,North Sydney,Australia,APAC
10391,North Sydney,Australia,APAC
10391,North Sydney,Australia,APAC
10391,North Sydney,Australia,APAC
10391,North Sydney,Australia,APAC
10392,Graz,Austria,EMEA
10392,Graz,Austria,EMEA
10392,Graz,Austria,EMEA
10394,Madrid,Spain,EMEA
10394,Madrid,Spain,EMEA
10394,Madrid,Spain,EMEA
10394,Madrid,Spain,EMEA
10394,Madrid,Spain,EMEA
10394,Madrid,Spain,EMEA
10394,Madrid,Spain,EMEA
10395,Paris,France,EMEA
10395,Paris,France,EMEA
10395,Paris,France,EMEA
10395,Paris,France,EMEA
10396,San Rafael,USA,NA
10396,San Rafael,USA,NA
10396,San Rafael,USA,NA
10396,San Rafael,USA,NA
10396,San Rafael,USA,NA
10396,San Rafael,USA,NA
10396,San Rafael,USA,NA
10396,San Rafael,USA,NA
10397,Toulouse,France,EMEA
10397,Toulouse,France,EMEA
10397,Toulouse,France,EMEA
10397,Toulouse,France,EMEA
10397,Toulouse,France,EMEA
10398,Reims,France,EMEA
10398,Reims,France,EMEA
10398,Reims,France,EMEA
10398,Reims,France,EMEA
10398,Reims,France,EMEA
10398,Reims,France,EMEA
10398,Reims,France,EMEA
10398,Reims,France,EMEA
10398,Reims,France,EMEA
10398,Reims,France,EMEA
10398,Reims,France,EMEA
10398,Reims,France,EMEA
10398,Reims,France,EMEA
10398,Reims,France,EMEA
10398,Reims,France,EMEA
10398,Reims,France,EMEA
10398,Reims,France,EMEA
10398,Reims,France,EMEA
10400,San Jose,USA,NA
10400,San Jose,USA,NA
10400,San Jose,USA,NA
10400,San Jose,USA,NA
10400,San Jose,USA,NA
10400,San Jose,USA,NA
10400,San Jose,USA,NA
10400,San Jose,USA,NA
10400,San Jose,USA,NA
10401,Newark,USA,NA
10401,Newark,USA,NA
10401,Newark,USA,NA
10401,Newark,USA,NA
10401,Newark,USA,NA
10401,Newark,USA,NA
10401,Newark,USA,NA
10401,Newark,USA,NA
10401,Newark,USA,NA
10401,Newark,USA,NA
10401,Newark,USA,NA
10401,Newark,USA,NA
10402,Paris,France,EMEA
10402,Paris,France,EMEA
10402,Paris,France,EMEA
10403,Liverpool,UK,EMEA
10403,Liverpool,UK,EMEA
10403,Liverpool,UK,EMEA
10403,Liverpool,UK,EMEA
10403,Liverpool,UK,EMEA
10403,Liverpool,UK,EMEA
10403,Liverpool,UK,EMEA
10403,Liverpool,UK,EMEA
10403,Liverpool,UK,EMEA
10405,Strasbourg,France,EMEA
10405,Strasbourg,France,EMEA
10405,Strasbourg,France,EMEA
10405,Strasbourg,France,EMEA
10405,Strasbourg,France,EMEA
10406,Kobenhavn,Denmark,EMEA
10406,Kobenhavn,Denmark,EMEA
10406,Kobenhavn,Denmark,EMEA
10407,San Jose,USA,NA
10407,San Jose,USA,NA
10407,San Jose,USA,NA
10407,San Jose,USA,NA
10407,San Jose,USA,NA
10407,San Jose,USA,NA
10407,San Jose,USA,NA
10407,San Jose,USA,NA
10407,San Jose,USA,NA
10407,San Jose,USA,NA
10407,San Jose,USA,NA
10407,San Jose,USA,NA
10408,Minato-ku,Japan,Japan
10409,Singapore,Singapore,APAC
10409,Singapore,Singapore,APAC
10411,Montreal,Canada,NA
10411,Montreal,Canada,NA
10411,Montreal,Canada,NA
10411,Montreal,Canada,NA
10411,Montreal,Canada,NA
10411,Montreal,Canada,NA
10411,Montreal,Canada,NA
10411,Montreal,Canada,NA
10411,Montreal,Canada,NA
10412,Madrid,Spain,EMEA
10412,Madrid,Spain,EMEA
10412,Madrid,Spain,EMEA
10412,Madrid,Spain,EMEA
10412,Madrid,Spain,EMEA
10412,Madrid,Spain,EMEA
10412,Madrid,Spain,EMEA
10412,Madrid,Spain,EMEA
10412,Madrid,Spain,EMEA
10412,Madrid,Spain,EMEA
10412,Madrid,Spain,EMEA
10413,Bridgewater,USA,NA
10413,Bridgewater,USA,NA
10413,Bridgewater,USA,NA
10413,Bridgewater,USA,NA
10413,Bridgewater,USA,NA
10413,Bridgewater,USA,NA
10414,Boston,USA,NA
10414,Boston,USA,NA
10414,Boston,USA,NA
10414,Boston,USA,NA
10414,Boston,USA,NA
10414,Boston,USA,NA
10414,Boston,USA,NA
10414,Boston,USA,NA
10414,Boston,USA,NA
10414,Boston,USA,NA
10414,Boston,USA,NA
10414,Boston,USA,NA
10414,Boston,USA,NA
10414,Boston,USA,NA
10415,Glen Waverly,Australia,APAC
10415,Glen Waverly,Australia,APAC
10415,Glen Waverly,Australia,APAC
10415,Glen Waverly,Australia,APAC
10415,Glen Waverly,Australia,APAC
10416,Reggio Emilia,Italy,EMEA
10416,Reggio Emilia,Italy,EMEA
10416,Reggio Emilia,Italy,EMEA
10416,Reggio Emilia,Italy,EMEA
10416,Reggio Emilia,Italy,EMEA
10416,Reggio Emilia,Italy,EMEA
10416,Reggio Emilia,Italy,EMEA
10416,Reggio Emilia,Italy,EMEA
10416,Reggio Emilia,Italy,EMEA
10416,Reggio Emilia,Italy,EMEA
10416,Reggio Emilia,Italy,EMEA
10416,Reggio Emilia,Italy,EMEA
10416,Reggio Emilia,Italy,EMEA
10416,Reggio Emilia,Italy,EMEA
10417,Madrid,Spain,EMEA
10417,Madrid,Spain,EMEA
10417,Madrid,Spain,EMEA
10417,Madrid,Spain,EMEA
10417,Madrid,Spain,EMEA
10417,Madrid,Spain,EMEA
10419,Salzburg,Austria,EMEA
10419,Salzburg,Austria,EMEA
10419,Salzburg,Austria,EMEA
10419,Salzburg,Austria,EMEA
10419,Salzburg,Austria,EMEA
10419,Salzburg,Austria,EMEA
10419,Salzburg,Austria,EMEA
10419,Salzburg,Austria,EMEA
10419,Salzburg,Austria,EMEA
10419,Salzburg,Austria,EMEA
10419,Salzburg,Austria,EMEA
10419,Salzburg,Austria,EMEA
10419,Salzburg,Austria,EMEA
10419,Salzburg,Austria,EMEA
10420,Chatswood,Australia,APAC
10420,Chatswood,Australia,APAC
10420,Chatswood,Australia,APAC
10420,Chatswood,Australia,APAC
10420,Chatswood,Australia,APAC
10420,Chatswood,Australia,APAC
10420,Chatswood,Australia,APAC
10420,Chatswood,Australia,APAC
10420,Chatswood,Australia,APAC
10420,Chatswood,Australia,APAC
10420,Chatswood,Australia,APAC
10420,Chatswood,Australia,APAC
10420,Chatswood,Australia,APAC
10421,San Rafael,USA,NA
10421,San Rafael,USA,NA
10422,Allentown,USA,NA
10422,Allentown,USA,NA
10423,Bruxelles,Belgium,EMEA
10423,Bruxelles,Belgium,EMEA
10423,Bruxelles,Belgium,EMEA
10423,Bruxelles,Belgium,EMEA
10423,Bruxelles,Belgium,EMEA
10424,Madrid,Spain,EMEA
10424,Madrid,Spain,EMEA
10424,Madrid,Spain,EMEA
10424,Madrid,Spain,EMEA
10424,Madrid,Spain,EMEA
10424,Madrid,Spain,EMEA
10425,Nantes,France,EMEA
10425,Nantes,France,EMEA
10425,Nantes,France,EMEA
10425,Nantes,France,EMEA
10425,Nantes,France,EMEA
10425,Nantes,France,EMEA
10425,Nantes,France,EMEA
10425,Nantes,France,EMEA
10425,Nantes,France,EMEA
10425,Nantes,France,EMEA
10425,Nantes,France,EMEA
10425,Nantes,France,EMEA
10425,Nantes,France,EMEA
